-- MySQL dump 10.13  Distrib 5.5.21, for Linux (x86_64)
--
-- Host: localhost    Database: productAdmin
-- ------------------------------------------------------
-- Server version	5.5.21

/*!40101 SET @OLD_CHARACTER_SET_CLIENT=@@CHARACTER_SET_CLIENT */;
/*!40101 SET @OLD_CHARACTER_SET_RESULTS=@@CHARACTER_SET_RESULTS */;
/*!40101 SET @OLD_COLLATION_CONNECTION=@@COLLATION_CONNECTION */;
/*!40101 SET NAMES utf8 */;
/*!40103 SET @OLD_TIME_ZONE=@@TIME_ZONE */;
/*!40103 SET TIME_ZONE='+00:00' */;
/*!40014 SET @OLD_UNIQUE_CHECKS=@@UNIQUE_CHECKS, UNIQUE_CHECKS=0 */;
/*!40014 SET @OLD_FOREIGN_KEY_CHECKS=@@FOREIGN_KEY_CHECKS, FOREIGN_KEY_CHECKS=0 */;
/*!40101 SET @OLD_SQL_MODE=@@SQL_MODE, SQL_MODE='NO_AUTO_VALUE_ON_ZERO' */;
/*!40111 SET @OLD_SQL_NOTES=@@SQL_NOTES, SQL_NOTES=0 */;

--
-- Table structure for table `compania`
--

DROP TABLE IF EXISTS `compania`;
/*!40101 SET @saved_cs_client     = @@character_set_client */;
/*!40101 SET character_set_client = utf8 */;
CREATE TABLE `compania` (
  `name` varchar(32) NOT NULL,
  `rif` varchar(24) NOT NULL,
  `dir` varchar(64) NOT NULL,
  `moneda` varchar(6) NOT NULL,
  `keywords` varchar(128) NOT NULL,
  `mail` varchar(64) NOT NULL
) ENGINE=InnoDB DEFAULT CHARSET=utf8;
/*!40101 SET character_set_client = @saved_cs_client */;

--
-- Dumping data for table `compania`
--

LOCK TABLES `compania` WRITE;
/*!40000 ALTER TABLE `compania` DISABLE KEYS */;
INSERT INTO `compania` VALUES ('Santa Cruz','J-000000075-1','Anzoategui - Venezuela','BsF','cms gpl oPenmarket compras online santa cruz farmacia puerto la cruz medicamentos aprofenol','demoopenmarket@gmail.com'),('Santa Cruz','J-000000075-1','Anzoategui - Venezuela','BsF','cms gpl oPenmarket compras online santa cruz farmacia puerto la cruz medicamentos aprofenol','demoopenmarket@gmail.com');
/*!40000 ALTER TABLE `compania` ENABLE KEYS */;
UNLOCK TABLES;

--
-- Table structure for table `products`
--

DROP TABLE IF EXISTS `products`;
/*!40101 SET @saved_cs_client     = @@character_set_client */;
/*!40101 SET character_set_client = utf8 */;
CREATE TABLE `products` (
  `name` varchar(64) NOT NULL,
  `vendedor` varchar(64) NOT NULL,
  `details` varchar(64) NOT NULL,
  `descr` varchar(64) NOT NULL,
  `cant` varchar(64) NOT NULL,
  `limitCmp` int(11) DEFAULT '0',
  `dsc` double NOT NULL,
  `pathimg` varchar(128) NOT NULL,
  `price` decimal(10,0) NOT NULL,
  `id` bigint(20) NOT NULL AUTO_INCREMENT,
  `keywords` varchar(512) DEFAULT NULL,
  `recipe` tinyint(1) NOT NULL DEFAULT '0',
  `type` varchar(24) NOT NULL DEFAULT 'Generico',
  `iva` double NOT NULL DEFAULT '0',
  PRIMARY KEY (`id`)
) ENGINE=InnoDB AUTO_INCREMENT=158 DEFAULT CHARSET=utf8;
/*!40101 SET character_set_client = @saved_cs_client */;

--
-- Dumping data for table `products`
--

LOCK TABLES `products` WRITE;
/*!40000 ALTER TABLE `products` DISABLE KEYS */;
INSERT INTO `products` VALUES ('ACEVAL GTA SOL 100MG/ML X 30 ML','LABS VALMORCA LINEA O.T.C.','Presentacion: GOTAS','','128',123,31.1,'img/cloack.jpg',125,135,'medicinas',0,'No especificado',60),('ACEVAL JBE PED X 120 ML','LABS VALMORCA LINEA O.T.C.','Presentacion: JARABE','','127',123,31.1,'img/cloack.jpg',125,140,'medicinas',0,'No especificado',100),('TANTUM DUCHA VAG SOL X 140 ML','LABORATORIOS ELMOR, S.A.','Presentacion: SOLUCION VAGINAL','','77',123,1.1,'img/asd.jpg',80,142,'medicinas',0,'No especificado',8.5),('TANTUM VAG SOB X 10','GENVEN LABORATORIOS ELMOR, S.A.','Presentacion: POLVO','','44',123,8.1,'img/asd.jpg',69,145,'medicinas',0,'No especificado',4.5),('DOLOGINEX COM 125 MG/10 MG X 20','LABORATORIOS KLINOS,C.A. *ROWE','Presentacion: COMPRIMIDO','','79',123,8.1,'img/weh.jpg',100,146,'medicinas',0,'No especificado',4.5),('DOLOGINEX SOL INY IM/IV 100/15 MG X1','LABORATORIOS KLINOS,C.A. *ROWE','Presentacion: INYECTABLE','','79',123,8.1,'img/weh.jpg',50,147,'medicinas',0,'No especificado',4.5),('DOLOGESIC CAPB 400 MG DIS X 25','INFINITY PHARMA XXI, C.A.','Presentacion: CAPSULA BLANDA','','79',123,3.1,'img/sinf.jpg',80,148,'medicinas',0,'No especificado',4.5),('DOLOGESIC FEM CAP 200MG X 10','INFINITY PHARMA XXI, C.A.','Presentacion: CAPSULA BLANDA','','73',123,3.1,'img/sinf.jpg',50,149,'medicinas',0,'No especificado',4.5),('DOLOGESIC ULTRA TABR 800MG X 12','INFINITY PHARMA XXI, C.A.','Presentacion: CAPSULA BLANDA','','78',123,3.1,'img/sinf.jpg',90,150,'medicinas',0,'No especificado',4.5),('ANTIFOM TABM 125 MG X 20','LABORATORIOS VARGAS, S.A.','Presentacion: TABLETA MASTICABLE','','74',123,3.1,'img/santus.jpg',90,155,'medicinas',0,'No especificado',4.7),('AMOXICILINA CAP 500 MG X 6 GENCER','LABS VALMORCA LINEA GENCER','Presentacion: CAPSULA','','68',123,3.1,'img/amo.jpg',60,156,'medicinas',0,'No especificado',8.7),('AMOXICILINA CAP 500 MG X 6 KIMICEG','LABORATORIOS KIMICEG , C.A.','Presentacion: CAPSULA','','77',123,3.1,'img/amo.jpg',80,157,'medicinas',0,'No especificado',8.7);
/*!40000 ALTER TABLE `products` ENABLE KEYS */;
UNLOCK TABLES;

--
-- Table structure for table `transacciones`
--

DROP TABLE IF EXISTS `transacciones`;
/*!40101 SET @saved_cs_client     = @@character_set_client */;
/*!40101 SET character_set_client = utf8 */;
CREATE TABLE `transacciones` (
  `idcompra` int(11) NOT NULL,
  `idproduct` int(11) NOT NULL,
  `precio` double NOT NULL,
  `cant` int(11) NOT NULL,
  `iva` double NOT NULL,
  `dsc` double NOT NULL
) ENGINE=InnoDB DEFAULT CHARSET=utf8;
/*!40101 SET character_set_client = @saved_cs_client */;

--
-- Dumping data for table `transacciones`
--

LOCK TABLES `transacciones` WRITE;
/*!40000 ALTER TABLE `transacciones` DISABLE KEYS */;
INSERT INTO `transacciones` VALUES (1,9,3001,16,12.5,10.5),(1,8,3000,5,12.5,10.5),(1,10,300000,1,12.5,10.5),(2,9,3001,1,12.5,10.5),(3,8,3000,4,12.5,10.5),(4,9,3001,1,12.5,10.5),(5,10,300000,2,12.5,10.5),(6,8,3000,1,12.5,10.5),(7,8,3000,4,12.5,10.5),(8,9,3001,1,12.5,10.5),(9,9,3001,1,12.5,10.5),(10,10,300000,1,12.5,15.1),(10,9,3001,1,12.5,5),(11,10,300000,2,12.5,15.1),(12,9,3001,2,12.5,5),(13,9,3001,2,12.5,5),(14,10,300000,4,12.5,15.1),(14,9,3001,3,12.5,5),(15,9,3001,4,12.5,5),(16,10,300000,3,12.5,15.1),(17,10,300000,2,12.5,15.1),(18,10,300000,2,12.5,15.1),(19,10,300000,1,12.5,15.1),(20,10,300000,2,12.5,15.1),(21,8,3000,2,12.5,20.9),(22,8,3000,3,12.5,20.9),(23,9,3001,2,12.5,5),(24,8,3000,1,12.5,20.9),(25,9,3001,1,12.5,5),(26,10,300000,2,12.5,15.1),(27,10,300000,1,12.5,15.1),(28,10,300000,3,12.5,15.1),(28,8,3000,1,12.5,20.9),(28,9,3001,1,12.5,5),(29,8,3000,2,12.5,20.9),(29,10,300000,1,12.5,15.1),(30,9,3001,2,12.5,5),(35,8,3000,3,12.5,20.9),(36,8,3000,2,12.5,20.9),(37,10,300000,3,12.5,15.1),(37,8,3000,1,12.5,20.9),(37,9,3001,1,12.5,5),(38,10,300000,1,12.5,15.1),(38,8,3000,1,12.5,20.9),(39,8,3000,1,12.5,20.9),(49,9,3001,1,12.5,5),(55,10,300000,1,12.5,15.1),(56,8,3000,1,12.5,20.9),(57,8,3000,1,12.5,20.9),(58,10,300000,1,12.5,15.1),(59,9,3001,1,12.5,5),(60,8,3000,1,12.5,20.9),(61,8,3000,1,12.5,20.9),(62,8,3000,1,12.5,20.9),(63,9,3001,1,12.5,5),(64,8,3000,1,12.5,20.9),(65,9,3001,1,12.5,5),(66,154,50,1,4.7,3.1),(67,8,3000,1,12.5,20.9),(68,141,80,1,8.5,1.1),(69,145,69,1,4.5,8.1),(70,133,125,1,140,31.1),(71,149,50,1,4.5,3.1),(72,132,125,1,100,31.1),(73,150,90,1,4.5,3.1),(74,129,69,1,11,31.1),(75,156,60,1,8.7,3.1),(76,158,60,1,3.7,3.1),(77,165,200,1,3.7,3.1),(78,132,125,1,100,31.1),(79,164,180,1,3.7,3.1),(80,145,69,1,4.5,8.1),(81,137,125,1,80,31.1),(82,149,50,1,4.5,3.1),(83,152,130,1,8,3.1),(84,161,35,1,7.7,3.1),(85,160,80,1,3.7,3.1),(86,163,120,1,3.7,3.1),(87,140,125,1,100,31.1),(88,140,125,1,100,31.1),(89,137,125,1,80,31.1),(90,123,13,1,9.1,13),(90,10,300000,1,12.5,15.1),(90,9,3001,1,12.5,5),(91,142,80,1,8.5,1.1),(92,124,44,1,9.1,13),(93,8,3000,1,12.5,20.9),(94,8,3000,1,12.5,20.9),(95,8,3000,1,12.5,20.9),(96,8,3000,1,12.5,20.9),(97,8,3000,1,12.5,20.9),(98,8,3000,1,12.5,20.9),(99,8,3000,1,12.5,20.9),(100,8,3000,1,12.5,20.9),(101,8,3000,1,12.5,20.9),(102,8,3000,1,12.5,20.9),(103,8,3000,1,12.5,20.9),(104,8,3000,1,12.5,20.9),(105,8,3000,1,12.5,20.9),(106,8,3000,1,12.5,20.9),(107,8,3000,1,12.5,20.9),(108,8,3000,1,12.5,20.9),(109,8,3000,1,12.5,20.9),(110,8,3000,1,12.5,20.9),(111,138,125,1,90,31.1),(112,138,125,1,90,31.1),(113,8,3000,1,12.5,20.9),(114,9,3001,1,12.5,5),(114,10,300000,1,12.5,15.1),(114,8,3000,1,12.5,20.9),(115,9,3001,2,12.5,5),(116,8,3000,1,12.5,20.9),(116,9,3001,1,12.5,5),(117,8,3000,1,12.5,20.9),(117,9,3001,1,12.5,5),(118,8,3000,1,12.5,20.9),(119,8,3000,1,12.5,20.9),(120,8,3000,1,12.5,20.9),(121,8,3000,1,12.5,20.9),(122,8,3000,1,12.5,20.9),(123,8,3000,1,12.5,20.9),(124,8,3000,1,12.5,20.9),(125,10,300000,1,12.5,15.1),(126,10,300000,1,12.5,15.1),(127,10,300000,1,12.5,15.1),(128,10,300000,1,12.5,15.1),(129,10,300000,1,12.5,15.1),(130,10,300000,1,12.5,15.1),(131,8,3000,1,12.5,20.9),(132,8,3000,1,12.5,20.9),(133,8,3000,1,12.5,20.9),(134,8,3000,1,12.5,20.9),(135,8,3000,1,12.5,20.9),(136,8,3000,1,12.5,20.9),(137,8,3000,1,12.5,20.9),(137,9,3001,1,12.5,5),(138,8,3000,1,12.5,20.9),(139,8,3000,1,12.5,20.9),(140,8,3000,1,12.5,20.9),(141,8,3000,1,12.5,20.9),(142,8,3000,1,12.5,20.9),(143,8,3000,1,12.5,20.9),(143,9,3001,1,12.5,5),(144,8,3000,1,12.5,20.9),(145,8,3000,1,12.5,20.9),(145,9,3001,2,12.5,5),(146,8,3000,1,12.5,20.9),(146,9,3001,1,12.5,5),(147,9,3001,1,12.5,5),(147,8,3000,1,12.5,20.9),(148,8,3000,1,12.5,20.9),(148,9,3001,1,12.5,5),(149,8,3000,2,12.5,20.9),(149,9,3001,1,12.5,5),(150,8,3000,1,12.5,20.9),(150,9,3001,1,12.5,5),(151,8,3000,1,12.5,20.9),(152,8,3000,1,12.5,20.9),(153,8,3000,1,12.5,20.9),(153,9,3001,1,12.5,5),(153,10,300000,1,12.5,15.1),(154,8,3000,1,12.5,20.9),(154,9,3001,1,12.5,5),(155,8,3000,1,12.5,20.9),(155,9,3001,1,12.5,5),(156,8,3000,1,12.5,20.9),(156,9,3001,1,12.5,5),(157,8,3000,1,12.5,20.9),(157,9,3001,1,12.5,5),(158,8,3000,1,12.5,20.9),(158,9,3001,1,12.5,5),(159,8,3000,1,12.5,20.9),(159,9,3001,1,12.5,5),(160,8,3000,1,12.5,20.9),(160,9,3001,1,12.5,5),(161,8,3000,1,12.5,20.9),(161,9,3001,1,12.5,5),(162,8,3000,1,12.5,20.9),(163,130,95,1,11,31.1),(164,8,3000,1,12.5,20.9),(164,9,3001,1,12.5,5),(165,8,3000,1,12.5,20.9),(166,8,3000,1,12.5,20.9),(166,9,3001,1,12.5,5),(167,8,3000,1,12.5,20.9),(167,9,3001,1,12.5,5),(168,8,3000,1,12.5,20.9),(168,9,3001,1,12.5,5),(169,8,3000,1,12.5,20.9),(169,9,3001,1,12.5,5),(170,8,3000,1,12.5,20.9),(170,9,3001,1,12.5,5),(171,8,3000,1,12.5,20.9),(171,9,3001,1,12.5,5),(172,8,3000,1,12.5,20.9),(172,9,3001,1,12.5,5),(172,10,300000,1,12.5,15.1),(173,134,125,1,90,31.1),(174,8,3000,1,12.5,20.9),(175,8,3000,1,12.5,20.9),(175,9,3001,1,12.5,5),(176,8,3000,1,12.5,20.9),(176,9,3001,1,12.5,5),(177,154,50,1,4.7,3.1),(177,150,90,1,4.5,3.1),(177,144,70,1,8.5,8.1),(177,123,13,1,9.1,13),(177,124,44,1,9.1,13),(177,126,55,12,11,31.1),(178,123,13,1,9.1,13),(178,124,44,1,9.1,13),(178,127,25,10,11,31.1),(178,126,55,1,11,31.1),(178,128,25,1,11,31.1),(179,130,95,1,11,31.1),(179,145,69,13,4.5,8.1),(180,149,50,1,4.5,3.1),(181,145,69,2,4.5,8.1),(182,148,80,1,4.5,3.1),(183,149,50,1,4.5,3.1),(184,157,80,1,8.7,3.1),(185,145,69,1,4.5,8.1),(186,145,69,1,4.5,8.1),(187,135,125,1,60,31.1),(187,140,125,1,100,31.1),(188,160,80,1,3.7,3.1),(189,157,80,1,8.7,3.1),(190,140,125,2,100,31.1),(191,145,69,1,4.5,8.1),(192,145,69,1,4.5,8.1),(193,150,90,1,4.5,3.1),(194,140,125,1,100,31.1),(195,146,100,1,4.5,8.1),(196,145,69,1,4.5,8.1),(197,145,69,1,4.5,8.1),(197,156,60,1,8.7,3.1),(198,145,69,1,4.5,8.1),(198,156,60,1,8.7,3.1),(198,142,80,1,8.5,1.1),(199,155,90,1,4.7,3.1),(200,142,80,1,8.5,1.1),(201,142,80,1,8.5,1.1),(202,135,125,1,60,31.1),(203,145,69,1,4.5,8.1),(203,156,60,2,8.7,3.1),(203,149,50,1,4.5,3.1),(204,145,69,1,4.5,8.1),(204,156,60,2,8.7,3.1),(204,149,50,1,4.5,3.1),(204,155,90,1,4.7,3.1),(205,145,69,1,4.5,8.1),(205,156,60,2,8.7,3.1),(205,149,50,1,4.5,3.1),(205,155,90,1,4.7,3.1),(206,145,69,1,4.5,8.1),(206,156,60,2,8.7,3.1),(206,149,50,1,4.5,3.1),(206,155,90,1,4.7,3.1),(207,145,69,1,4.5,8.1),(207,156,60,2,8.7,3.1),(207,149,50,1,4.5,3.1),(207,155,90,1,4.7,3.1),(208,145,69,3,4.5,8.1),(209,145,69,3,4.5,8.1),(209,135,125,1,60,31.1),(210,145,69,3,4.5,8.1),(210,135,125,1,60,31.1),(210,155,90,1,4.7,3.1),(211,140,125,1,100,31.1),(212,147,50,1,4.5,8.1),(213,157,80,1,8.7,3.1);
/*!40000 ALTER TABLE `transacciones` ENABLE KEYS */;
UNLOCK TABLES;

--
-- Table structure for table `users`
--

DROP TABLE IF EXISTS `users`;
/*!40101 SET @saved_cs_client     = @@character_set_client */;
/*!40101 SET character_set_client = utf8 */;
CREATE TABLE `users` (
  `id` varchar(128) NOT NULL,
  `fname` varchar(12) DEFAULT NULL,
  `sname` varchar(12) DEFAULT NULL,
  `pwd` blob NOT NULL,
  `mail` blob NOT NULL,
  `registrofech` date NOT NULL,
  `useragent` varchar(128) NOT NULL,
  `dni` varchar(18) DEFAULT NULL,
  PRIMARY KEY (`id`)
) ENGINE=InnoDB DEFAULT CHARSET=utf8;
/*!40101 SET character_set_client = @saved_cs_client */;

--
-- Dumping data for table `users`
--

LOCK TABLES `users` WRITE;
/*!40000 ALTER TABLE `users` DISABLE KEYS */;
INSERT INTO `users` VALUES ('018c5df56593d944d6bf28a4c3cca10922a5e0b0','','','»î|4:^|KI ë˚;π∞ê·y¿∏aˆ§ææ¶','rosse@hotmail.com','2012-01-15','Mozilla/5.0 (compatible; MSIE 9.0; Windows NT 6.1; Trident/5.0)','15945876'),('0ff759f7085aa408a761669af9fbfd332d49361c','','','Û xŸ|¡L%|œ)|öeSf‹ﬁ©óï…Ì≤ $Ô’ˇŒØ','dasdasd','2012-01-17','Mozilla/5.0 (X11; Linux x86_64; rv:9.0.1) Gecko/20100101 Firefox/9.0.1','15945876'),('1010101010','','','E}Ç%7å@∑C$`}∏höx{œ Ù9J≤’(<R','papa@papa.com','0000-00-00','','15945876'),('110180a2d3d5bd55308af730a89348677700ae68','','','÷¡ß~◊øÄ≤$ú>!ì$\"ﬂÓÿ{ë\"äˇ¿jΩøx≤','3123123','2012-01-17','Mozilla/5.0 (X11; Linux x86_64; rv:9.0.1) Gecko/20100101 Firefox/9.0.1','15945876'),('1111111111','','','','papa@papa.com','0000-00-00','','15945876'),('123123','','','éŒ#ïms ·ï∞\Z≤»‚´¯∞ûQÓg~ùyFß≠','papa@papa.com','0000-00-00','','15945876'),('123123123','','','‹;„¶7AW√ºÂ÷£®Ú´¶æç=Œ√ô4)?˙T$Û','papa@papa.com','0000-00-00','','15945876'),('1231232','','','åèÿ5˝Y*∫;úv%Eﬁ@/rΩ%,ˇRO˛†◊∂ûµY','papa@papa.com','0000-00-00','','15945876'),('12312321','','','÷¡ß~◊øÄ≤$ú>!ì$\"ﬂÓÿ{ë\"äˇ¿jΩøx≤','papa@papa.com','0000-00-00','','15945876'),('1234','','','','papa@papa.com','0000-00-00','','15945876'),('12345','','','','papa@papa.com','0000-00-00','','15945876'),('1234511161111','','','ﬁ—*å:);(ÆÎñ≈µ˜¡ª§UD\Zq«Ç‚˘','papa@papa.com','0000-00-00','','15945876'),('123456','','','ﬁ—*å:);(ÆÎñ≈µ˜¡ª§UD\Zq«Ç‚˘','papa@papa.com','0000-00-00','','15945876'),('1234561111','','','ﬁ—*å:);(ÆÎñ≈µ˜¡ª§UD\Zq«Ç‚˘','papa@papa.com','0000-00-00','','15945876'),('123456654321','','','@‰VâÒπÈÃbpTiˇàvÙyÓÛ˚6X™>{ΩÄßÍ','papa@papa.com','0000-00-00','','15945876'),('1234567','','','@u\rZ€gs3†ÍêÖèfõ≠Rﬂ˘°Ë“◊P-X+q','papa@papa.com','0000-00-00','','15945876'),('12345678','','','','papa@papa.com','0000-00-00','','15945876'),('123456789','','','','papa@papa.com','0000-00-00','','15945876'),('131231','','','0\rÓ à\Z°¬Ω¿âjLAŸ	Û(∂†de‡≠h¿»','papa@papa.com','0000-00-00','','15945876'),('13123123','','','ïŒ[≥ä^åo»∏Q›a[Å[´IV∏€OxÍ≈≥E—','papa@papa.com','0000-00-00','','15945876'),('151515151515151','','','e≠ òπÀºC∫@û»EÅ¨O∑	°qQgzàˆG6∫','papa@papa.com','0000-00-00','','15945876'),('17972859','','','ú¡Mõ.S0µ…ñ∑ÄΩúñÏ†6-0frOYËs','papa@papa.com','0000-00-00','','15945876'),('1ae20ddec917c10e81bc34cd4e2e8d91acb31bd1',NULL,NULL,'','1papa@papa.com','2012-01-20','Mozilla/5.0 (X11; Linux x86_64; rv:9.0.1) Gecko/20100101 Firefox/9.0.1','15945876'),('1d33aae1be4146dbaaca0b6e70d7a11f10801525','','','3auöö¡p_†˚6Û	äI1dÔíªß/∑QôÄ','adasdasd','2012-01-17','Mozilla/5.0 (X11; Linux x86_64; rv:9.0.1) Gecko/20100101 Firefox/9.0.1','15945876'),('1d6d4d1660036a6b5217137494ca4e44bba17be1',NULL,NULL,'','abuela@hotmail.com','2012-02-23','Mozilla/5.0 (compatible; MSIE 9.0; Windows NT 6.1; Trident/5.0)','123321123'),('21312','','','“æí%ƒÇ=*7§†˝ö<sêæM/{ŒÿY∂tè–','papa@papa.com','0000-00-00','','15945876'),('213123','','',';™MZ;måF®kó√ë´{©\rìl⁄…Ô?°›q€“ ','papa@papa.com','0000-00-00','','15945876'),('213123213','','','˚…@˙\Z– ÑHÌ≤îñ ÈüDn˛≤ﬂx>ú≠ËR{','papa@papa.com','0000-00-00','','15945876'),('23ab73bf8a9b8cc5297b20a277154e922bbe059e',NULL,NULL,'x∫‚]ìß‡€®\0â¨®I¯|ˇ\ZEqK±]ˆ;‰íÖ','yasdasdo@yo.com','2012-01-20','Mozilla/5.0 (X11; Linux x86_64; rv:9.0.1) Gecko/20100101 Firefox/9.0.1','15945876'),('278b97a05e121323a0ee790fca138fe70fbe029d','','','Zèu|Ô>UÖ9ﬁ\ZÍNÃ“–y€ÿd(·3(ZsV»','asdasd','2012-01-17','Mozilla/5.0 (X11; Linux x86_64; rv:9.0.1) Gecko/20100101 Firefox/9.0.1','15945876'),('313cb12ded583a52ff1dbf2e59ee21116d04f0f2',NULL,NULL,'“Û⁄ÜßÙÉ¥ÀãæäfU„Õe8´:&êÒ{uºïp`C','asd@asdasd.com','2012-01-20','Mozilla/5.0 (X11; Linux x86_64; rv:9.0.1) Gecko/20100101 Firefox/9.0.1','15945876'),('314ae62057148efbdd51cbef7f2fc2f1924b0b5c','','','≠åô2‰â3F<7œ-eëæ≠Å÷|Lå¿Mˇ7°«]','asdsdsad','2012-01-16','Mozilla/5.0 (X11; Linux x86_64; rv:9.0.1) Gecko/20100101 Firefox/9.0.1','15945876'),('3434343434','','','íT¢Œﬂ™cØ“©7«‰R¬,¥Ktª⁄∞÷OˇÎcE','papa@papa.com','2011-12-21','Mozilla/5.0 (X11; Linux x86_64; rv:8.0.1) Gecko/20100101 Firefox/8.0.1','15945876'),('34c899ac57e61db83b0495a9cbaa61c0016a50f7','','','˘®≤¨Yw~⁄‰~Ÿƒ3ä°hV¿º]¥ãæπ\n#Pø‚∂','sdasdasd','2012-01-17','Mozilla/5.0 (X11; Linux x86_64; rv:9.0.1) Gecko/20100101 Firefox/9.0.1','15945876'),('392ef2e8f96955aab152b0b8364fd26635e41694',NULL,NULL,'èÊöL—s¥xF!ÿ⁄K\"ü™è	\"ôàO8√ÖqA.dx','asdasdsasd@asd.com','2012-01-20','Mozilla/5.0 (X11; Linux x86_64; rv:9.0.1) Gecko/20100101 Firefox/9.0.1','15945876'),('398a3ff13c8043889f94e197a7664b2f40fd2194',NULL,NULL,'{+°≤Û‹mŸi√6ñz§¡´ØW∫.Uù?Øz','su@su.com','2012-01-20','Mozilla/5.0 (X11; Linux x86_64; rv:9.0.1) Gecko/20100101 Firefox/9.0.1','15945876'),('4a60e84249c4fc8f0a167fba09b20ab38172d930',NULL,NULL,'','papa@papa.com','2012-01-20','Mozilla/5.0 (X11; Linux x86_64; rv:9.0.1) Gecko/20100101 Firefox/9.0.1','15945876'),('51d069e7f01532939ab4a101e54bd8f03268480a',NULL,NULL,'ÀLÁ>	∆àÅp*∏ÔHc–≠síÑO‹\rôÜ˙2vkV','anservic@gmail.com','2012-01-20','Mozilla/5.0 (X11; Linux x86_64; rv:9.0.1) Gecko/20100101 Firefox/9.0.1','15945876'),('553c68ca7796e3d69aa7b0d5841e62943b870c45',NULL,NULL,'','leo@leo.com1','2012-01-20','Mozilla/5.0 (X11; Linux x86_64; rv:9.0.1) Gecko/20100101 Firefox/9.0.1','15945876'),('55555555','','','≥ÄŸ¥»ÕËè«^[K¡êí5‹ëTû∂ı îÙ÷NÍI>','papa@papa.com','0000-00-00','','15945876'),('560d15fa3a51c705d98b628db56fbe2659f95f4c','','','ÿ„\0`‡n·Qﬂî:Òl5@ƒÅ`paªEN D/˝‹','asdasdasd','2012-01-17','Mozilla/5.0 (X11; Linux x86_64; rv:9.0.1) Gecko/20100101 Firefox/9.0.1','15945876'),('56349332e9706fce0ced3af0025675e643e7b1da','','','Í≥ôÛõ>+`vAKºõ¿3`≤’Xy{´%öeæz”°','3213123','2012-01-17','Mozilla/5.0 (X11; Linux x86_64; rv:9.0.1) Gecko/20100101 Firefox/9.0.1','15945876'),('5710f5e9b3cf8e1e2d7ff2ec1c57102777c9f3d2','','','`,;ù/±7ÿ™L˚LÎÌ¿êÇ†\0ÿÈ‚|ˇå$√_‡','dsdsad','2012-01-16','Mozilla/5.0 (X11; Linux x86_64; rv:9.0.1) Gecko/20100101 Firefox/9.0.1','15945876'),('5bce54e993401ead5a3a7b82944f6635bca335fc','','','ˇ\"~â∞Äd‚TZïü´ånÙÁkßÑ˚K—<ç	O∆Z˚–','32131','2012-01-17','Mozilla/5.0 (X11; Linux x86_64; rv:9.0.1) Gecko/20100101 Firefox/9.0.1','15945876'),('6767676767','','','Î°&ëÆƒªvŒä®o–ı•©+b©aŸn!ÔπÖ∏∏•U','papa@papa.com','2011-12-20','','15945876'),('69e8a91098cc826dfe902406a0753a4520aed82a','las los lis','sadico','','open.ml@hotmail.com','2012-02-27','Mozilla/5.0 (X11; Linux x86_64; rv:10.0.2) Gecko/20100101 Firefox/10.0.2','31231231'),('6d79d2e416c1469128d73530c4f49bb1fd5acfc8','','','b‡i~‡ˇÓ\0Ê‘	\r…†õ=à4‚KÄ@aVˇﬂ∫¢','test@test.com','2012-01-11','Mozilla/5.0 (X11; Linux x86_64; rv:9.0.1) Gecko/20100101 Firefox/9.0.1','15945876'),('705cc2a43bfcc1264e2865a2457bf9a4430713b0',NULL,NULL,'','shaystica1905@hotmail.com','2012-02-23','Mozilla/5.0 (compatible; MSIE 9.0; Windows NT 6.1; Trident/5.0)','112233445'),('7575757575','','','Mïà¶=÷ÑK\0)Ò~ΩÂø¯5ƒ≤√Ô‚*âX‹','papa@papa.com','0000-00-00','','15945876'),('7777777','','','hÈP1Ë|”∏∏J´±3ƒ~êhÿä∆¶ù-¢√ñ◊Á','papa@papa.com','0000-00-00','','15945876'),('77777777','','','g3Åwr¶¿˝jÉ√‡ ^)^esHVŸa3}W›æiÂ','papa@papa.com','0000-00-00','','15945876'),('790fe8690b80f92c56869dedf116d0fd540e465c','','','ﬁl∞”T€Ÿ^⁄e¯/j⁄%ﬁÌ4≤:ÓÌnÅ§Mby','asdsdasdasd','2012-01-17','Mozilla/5.0 (X11; Linux x86_64; rv:9.0.1) Gecko/20100101 Firefox/9.0.1','15945876'),('84e5535779a4aa4b28870090db4de3fdb432e28e',NULL,NULL,'','binymarquez@hotmail.com','2012-01-25','Mozilla/5.0 (compatible; MSIE 9.0; Windows NT 6.1; Trident/5.0)','13766323'),('8634c828557ac770af339f06549c22c67506c579','','','∞˘[Ú8˘3í÷¸_nm)°K˚~ç48ÛáæÍL\"÷','dasdsa','2012-01-16','Mozilla/5.0 (X11; Linux x86_64; rv:9.0.1) Gecko/20100101 Firefox/9.0.1','15945876'),('8a02fb84af7d4ed4b643e223192602c5b55e5d08',NULL,NULL,'⁄”hó-x±¥ç¿êäs6∏Ã)SÆÊÖ2m§@ŒÿÖÄ{Y','asdasd@asdas.com','2012-01-20','Mozilla/5.0 (X11; Linux x86_64; rv:9.0.1) Gecko/20100101 Firefox/9.0.1','15945876'),('999999999','','','j¬K2î@O^ƒ–W{ñZ†h†»Ôî…õy$Djv¿ß3¨','papa@papa.com','0000-00-00','','15945876'),('99999999999999','','','ásÁÁ·O∑‚x’∆B∆◊·’¶ªÿo≤2ìÃÀÌKe@∑','papa@papa.com','0000-00-00','','15945876'),('9d93d56d086888e993317083b210035211785339',NULL,NULL,'','pap231a@papa.com','2012-01-20','Mozilla/5.0 (X11; Linux x86_64; rv:9.0.1) Gecko/20100101 Firefox/9.0.1','15945876'),('9ea4a67c3841a1d09c52022a6db68c9524096ef6','','','Œg˚úm-&˛!°ù}áXŒefâMñgë!4^,eD','ASDASD','2012-01-17','Mozilla/5.0 (X11; Linux x86_64; rv:9.0.1) Gecko/20100101 Firefox/9.0.1','15945876'),('b03439be6f2a3ebed93ac86846d029d76f62fd99',NULL,NULL,'LΩeY™≤ÚL‘ÊËm>iw»jGBˇ2·∞1wÆ∞1,','cucu@cucu.com','2012-01-20','Mozilla/5.0 (X11; Linux x86_64; rv:9.0.1) Gecko/20100101 Firefox/9.0.1','15945876'),('b341b05486fb4e7fd7863f51296000d97ee3aedc','','','Ûﬂ˛äè·`c≥öß≥6.ÌÕ&8Í˝K:(ı8Ü','dsadsad','2012-01-16','Mozilla/5.0 (X11; Linux x86_64; rv:9.0.1) Gecko/20100101 Firefox/9.0.1','15945876'),('b71d5e8c644fbac923fb0dc66a1b9a2b6be96840','aguileraz','un nombrez','','maranglo@cantv.net','2012-02-28','Mozilla/5.0 (X11; Linux x86_64; rv:10.0.2) Gecko/20100101 Firefox/10.0.2','315423523'),('b76014f3c48e85767c8e28c926e5a5098b8085ab',NULL,NULL,'','no@no.com','2012-01-23','Mozilla/5.0 (X11; Linux x86_64; rv:9.0.1) Gecko/20100101 Firefox/9.0.1','5113312'),('b889ca20cb939c0cb27c41f7c4bf129e41d964d6',NULL,NULL,'','pap1a@papa.com','2012-01-20','Mozilla/5.0 (X11; Linux x86_64; rv:9.0.1) Gecko/20100101 Firefox/9.0.1','15945876'),('bc7776d00395d76b55062d7fcc479a9eae941161',NULL,NULL,'','cosa@coso.com','2012-02-28','Mozilla/5.0 (X11; Linux x86_64; rv:10.0.2) Gecko/20100101 Firefox/10.0.2','1241341'),('c62332b3f8450cf9d368050a0098d43743ee0a8d',NULL,NULL,'´ã,á2›À¨€’±Ÿıd—gÎ*≈-Ô‚ä.‰L…Ì ’','suky@suky.com','2012-01-20','Mozilla/5.0 (X11; Linux x86_64; rv:9.0.1) Gecko/20100101 Firefox/9.0.1','15945876'),('c8131e55ed469d9a1c6acc8a8e68fdd9b272bd44',NULL,NULL,'b[]r‘ä˙∆DU$ªu<“f◊ΩÅ€ã\ZqG5—¯yâ‡˘','sdasd@ads.com','2012-01-20','Mozilla/5.0 (X11; Linux x86_64; rv:9.0.1) Gecko/20100101 Firefox/9.0.1','15945876'),('cd8960d13c59522817477d53a23bc05620ce51bb',NULL,NULL,'','unodos@hotmail.com','2012-02-28','Mozilla/5.0 (X11; Linux x86_64; rv:10.0.2) Gecko/20100101 Firefox/10.0.2','1234145'),('cf627759b815dd45f2ea060a62f1d5c95d35b3f2',NULL,NULL,'','burzum571@hotmail.com','2012-02-05','Mozilla/5.0 (compatible; MSIE 9.0; Windows NT 6.1; Trident/5.0)','19329053'),('d5554bffb8ca53e7b0885603954659a2a54c6dee','','','KZD\0æ!T.¨Ωô[	\0v £±Q–Fmˆˆ7∏','213123123','2012-01-17','Mozilla/5.0 (X11; Linux x86_64; rv:9.0.1) Gecko/20100101 Firefox/9.0.1','15945876'),('d66a69ffc4a5d1cd820791e4c27cf793d64817db082dd4bbf390abac7cbb377a4deac24332b43e1dfba21f4a652c3a4ff73da01d91cc089815db7fbd3243ad00','','','¢◊Úl[Qª9\0>V@ùmèŒsë‚ÑÉÀê}Bß E','papa@papa.com','0000-00-00','','15945876'),('e1d5ae63debe7677248b7a022797ac571f341ae9',NULL,NULL,'…@Ωºı˝19rÖïÌlP⁄‚%NJ‘-™ÔKüèÁ','jaimito@jay.com','2012-01-20','Mozilla/5.0 (X11; Linux x86_64; rv:9.0.1) Gecko/20100101 Firefox/9.0.1','15945876'),('e9e221c03819d547417c457ded12c597ba41a54c',NULL,NULL,'','shaystar@hotmail.com','2012-02-01','Mozilla/5.0 (compatible; MSIE 9.0; Windows NT 6.1; Trident/5.0)','16854346'),('ecd1a3599b7c70c0befdc366397b6fe8a61271ba','','',')Ø÷ª/¡¡–4˚æ}&‘Ü‘e…‚9®&<>ƒÏ¸','biny@hotmail.com','2012-01-16','Mozilla/5.0 (compatible; MSIE 9.0; Windows NT 6.1; Trident/5.0)','15945876'),('f16a791f79278ca6dc2be718ded003e136eff3ae','los tututut','grammys xD','¢øÜÃR≈Yám¸Æ]ôeDDÃ‹˙ƒ®ivTüïˆ∫6\Z','leo@leo.com','2012-01-08','Mozilla/5.0 (X11; Linux x86_64; rv:9.0.1) Gecko/20100101 Firefox/9.0.1','15945876');
/*!40000 ALTER TABLE `users` ENABLE KEYS */;
UNLOCK TABLES;

--
-- Table structure for table `ventas`
--

DROP TABLE IF EXISTS `ventas`;
/*!40101 SET @saved_cs_client     = @@character_set_client */;
/*!40101 SET character_set_client = utf8 */;
CREATE TABLE `ventas` (
  `fcompra` date NOT NULL,
  `transid` bigint(20) NOT NULL,
  `uagent` varchar(64) NOT NULL,
  `ipv4` varchar(64) NOT NULL,
  `dirEnv` varchar(128) DEFAULT NULL,
  `personEnv` varchar(128) DEFAULT NULL,
  `city` varchar(64) NOT NULL,
  `prov` varchar(64) NOT NULL,
  `codCel` int(11) NOT NULL,
  `codNum` int(11) NOT NULL,
  `codTel` int(11) DEFAULT NULL,
  `numTel` int(11) DEFAULT NULL,
  `paisEnv` varchar(32) DEFAULT NULL,
  `totalcmp` double NOT NULL,
  `typPago` int(11) NOT NULL,
  `codPago` varchar(64) NOT NULL,
  `iduser` varchar(128) DEFAULT NULL,
  `extraPago` varchar(12) DEFAULT NULL,
  PRIMARY KEY (`transid`),
  KEY `iduser` (`iduser`),
  CONSTRAINT `ventas_ibfk_1` FOREIGN KEY (`iduser`) REFERENCES `users` (`id`)
) ENGINE=InnoDB DEFAULT CHARSET=utf8;
/*!40101 SET character_set_client = @saved_cs_client */;

--
-- Dumping data for table `ventas`
--

LOCK TABLES `ventas` WRITE;
/*!40000 ALTER TABLE `ventas` DISABLE KEYS */;
INSERT INTO `ventas` VALUES ('2012-01-14',1,'Mozilla/5.0 (X11; Linux x86_64; rv:9.0.1) Gecko/20100101 Firefox','190.199.32.171','Una direccion','YOYOYOYO YAYAYAYAYA','Una cuidad','294',1,2,3,4,'1',365511.735,2,'5','f16a791f79278ca6dc2be718ded003e136eff3ae',NULL),('2012-01-14',2,'Mozilla/5.0 (X11; Linux x86_64; rv:9.0.1) Gecko/20100101 Firefox','190.199.32.171','Una direccion','YOYOYOYO YAYAYAYAYA','Una cuidad','281',1,2,3,4,'13',3021.631875,2,'10','f16a791f79278ca6dc2be718ded003e136eff3ae',NULL),('2012-01-14',3,'Mozilla/5.0 (X11; Linux x86_64; rv:9.0.1) Gecko/20100101 Firefox','190.199.32.171','Una direccion','YOYOYOYO YAYAYAYAYA','Una cuidad','281',1,2,3,4,'13',12082.5,5,'99999999999','f16a791f79278ca6dc2be718ded003e136eff3ae',NULL),('2012-01-14',4,'Mozilla/5.0 (X11; Linux x86_64; rv:9.0.1) Gecko/20100101 Firefox','190.199.32.171','Una direccion','YOYOYOYO YAYAYAYAYA','Una cuidad','293',10,20,30,40,'36',3021.631875,5,'50','f16a791f79278ca6dc2be718ded003e136eff3ae',NULL),('2012-01-14',5,'Mozilla/5.0 (X11; Linux x86_64; rv:9.0.1) Gecko/20100101 Firefox','190.199.32.171','Una direccion','YOYOYOYO YAYAYAYAYA','Una cuidad','281',10,20,30,40,'13',604125,5,'50','f16a791f79278ca6dc2be718ded003e136eff3ae',NULL),('2012-01-14',6,'Mozilla/5.0 (X11; Linux x86_64; rv:9.0.1) Gecko/20100101 Firefox','190.199.32.171','Una direccion2222222222','YOYOYOYO YAYAYAYAYA','Una cuidad66666','510',11111,2222,3333333,444444444,'1000',3020.625,3,'555555555','f16a791f79278ca6dc2be718ded003e136eff3ae',NULL),('2012-01-14',7,'Mozilla/5.0 (X11; Linux x86_64; rv:9.0.1) Gecko/20100101 Firefox','190.199.32.171','Una direccion2222222222','YOYOYOYO YAYAYAYAYA','Una cuidad111111','288',333333,44444,5555,6666666,'1000',12082.5,5,'77777777','f16a791f79278ca6dc2be718ded003e136eff3ae','78787878'),('2012-01-17',8,'Mozilla/5.0 (X11; Linux x86_64; rv:9.0.1) Gecko/20100101 Firefox','190.199.32.171','Una direccion2222222222',' ','Una cuidad111111','281',333333,44444,5555,6666666,'13',3021.631875,5,'77777777','f16a791f79278ca6dc2be718ded003e136eff3ae','78787878'),('2012-01-20',9,'Mozilla/5.0 (compatible; MSIE 9.0; Windows NT 6.1; Trident/5.0)','186.187.227.123','',' ','','Elija un pais',0,0,0,0,'ZWE',3021.631875,2,'','018c5df56593d944d6bf28a4c3cca10922a5e0b0',''),('2012-01-21',10,'Mozilla/5.0 (X11; Linux x86_64; rv:9.0.1) Gecko/20100101 Firefox','190.199.32.171','',' ','','Elija un pais',0,0,0,0,'ZWE',289744.81875,3,'','51d069e7f01532939ab4a101e54bd8f03268480a',''),('2012-01-23',11,'Mozilla/5.0 (X11; Linux x86_64; rv:9.0.1) Gecko/20100101 Firefox','190.199.32.171','asdasdasdasdasd 3r2432 24324234',' ','asdsadasdasdasd','undefined',42342,234234234,34324,2147483647,'VUT',573075,4,'34234234','51d069e7f01532939ab4a101e54bd8f03268480a','3242'),('2012-01-23',12,'Mozilla/5.0 (X11; Linux x86_64; rv:9.0.1) Gecko/20100101 Firefox','190.199.32.171','asdasdasdasdasd 3r2432 24324234',' ','asdsadasdasdasd','undefined',42342,234234234,34324,2147483647,'VEN',6414.6375,2,'34234234','51d069e7f01532939ab4a101e54bd8f03268480a','3242'),('2012-01-23',13,'Mozilla/5.0 (X11; Linux x86_64; rv:9.0.1) Gecko/20100101 Firefox','190.199.32.171','asdasdasdasdasd 3r2432 24324234',' ','asdsadasdasdasd','undefined',42342,234234234,34324,2147483647,'VIR',6414.6375,2,'34234234','51d069e7f01532939ab4a101e54bd8f03268480a','3242'),('2012-01-23',14,'Mozilla/5.0 (X11; Linux x86_64; rv:9.0.1) Gecko/20100101 Firefox','190.199.32.171','Una direccion1 muuyyy muuyy larga blabla xD',' ','Una ciudad','undefined',11111,22222222,33333,4444444,'ZMB',1155771.95625,3,'34234234','51d069e7f01532939ab4a101e54bd8f03268480a','3242'),('2012-01-23',15,'Mozilla/5.0 (X11; Linux x86_64; rv:9.0.1) Gecko/20100101 Firefox','190.199.32.171','Una direccion1 muuyyy muuyy larga blabla xD',' ','Una ciudad','undefined',11111,22222222,33333,4444444,'VIR',12829.275,2,'34234234','51d069e7f01532939ab4a101e54bd8f03268480a','3242'),('2012-01-23',16,'Mozilla/5.0 (X11; Linux x86_64; rv:9.0.1) Gecko/20100101 Firefox','190.199.32.171','Una direccion1 muuyyy muuyy larga blabla xD',' ','Una ciudad','undefined',11111,22222222,33333,4444444,'VCT',859612.5,2,'34234234','51d069e7f01532939ab4a101e54bd8f03268480a','3242'),('2012-01-23',17,'Mozilla/5.0 (X11; Linux x86_64; rv:9.0.1) Gecko/20100101 Firefox','190.199.32.171','Una direccion1 muuyyy muuyy larga blabla xD',' ','Una ciudad','undefined',11111,22222222,33333,4444444,'VCT',573075,2,'34234234','51d069e7f01532939ab4a101e54bd8f03268480a','3242'),('2012-01-23',18,'Mozilla/5.0 (X11; Linux x86_64; rv:9.0.1) Gecko/20100101 Firefox','190.199.32.171','Una direccion1 muuyyy muuyy larga blabla xD',' ','Una ciudad','undefined',11111,22222222,33333,4444444,'VIR',573075,2,'34234234','51d069e7f01532939ab4a101e54bd8f03268480a','3242'),('2012-01-23',19,'Mozilla/5.0 (X11; Linux x86_64; rv:9.0.1) Gecko/20100101 Firefox','190.199.32.171','Una direccion1 muuyyy muuyy larga blabla xD',' ','Una ciudad','undefined',11111,22222222,33333,4444444,'VEN',286537.5,2,'34234234','51d069e7f01532939ab4a101e54bd8f03268480a','3242'),('2012-01-23',20,'Mozilla/5.0 (X11; Linux x86_64; rv:9.0.1) Gecko/20100101 Firefox','190.199.32.171','Una direccion1 muuyyy muuyy larga blabla xD',' ','Una ciudad','undefined',11111,22222222,33333,4444444,'YEM',573075,2,'34234234','51d069e7f01532939ab4a101e54bd8f03268480a','3242'),('2012-01-23',21,'Mozilla/5.0 (X11; Linux x86_64; rv:9.0.1) Gecko/20100101 Firefox','190.199.32.171','Una direccion1 muuyyy muuyy larga blabla xD',' ','Una ciudad','undefined',11111,22222222,33333,4444444,'YUG',5339.25,2,'34234234','51d069e7f01532939ab4a101e54bd8f03268480a','3242'),('2012-01-23',22,'Mozilla/5.0 (X11; Linux x86_64; rv:9.0.1) Gecko/20100101 Firefox','190.199.32.171','Una direccion1 muuyyy muuyy larga blabla xD',' ','Una ciudad','undefined',11111,22222222,33333,4444444,'WSM',8008.875,2,'34234234','51d069e7f01532939ab4a101e54bd8f03268480a','3242'),('2012-01-23',23,'Mozilla/5.0 (X11; Linux x86_64; rv:9.0.1) Gecko/20100101 Firefox','190.199.32.171','Una direccion1 muuyyy muuyy larga blabla xD',' ','Una ciudad','undefined',11111,22222222,33333,4444444,'YEM',6414.6375,2,'34234234','51d069e7f01532939ab4a101e54bd8f03268480a','3242'),('2012-01-23',24,'Mozilla/5.0 (X11; Linux x86_64; rv:9.0.1) Gecko/20100101 Firefox','190.199.32.171','Una direccion1 muuyyy muuyy larga blabla xD',' ','Una ciudad','undefined',11111,22222222,33333,4444444,'WLF',2669.625,3,'34234234','51d069e7f01532939ab4a101e54bd8f03268480a','3242'),('2012-01-26',25,'Mozilla/5.0 (X11; Linux x86_64; rv:9.0.1) Gecko/20100101 Firefox','190.199.32.171','Una direccion1 muuyyy muuyy larga blabla xD',' ','Una ciudad','undefined',1231,22222222,33333,4444444,'YEM',3207.31875,2,'34234234','51d069e7f01532939ab4a101e54bd8f03268480a','3242'),('2012-01-26',26,'Mozilla/5.0 (X11; Linux x86_64; rv:9.0.1) Gecko/20100101 Firefox','190.199.32.171','Una direccion1 muuyyy muuyy larga blabla xD',' ','Una ciudad','undefined',424,22222222,33333,2147483647,'UZB',573075,2,'34234234','51d069e7f01532939ab4a101e54bd8f03268480a','3242'),('2012-01-26',27,'Mozilla/5.0 (X11; Linux x86_64; rv:9.0.1) Gecko/20100101 Firefox','190.199.32.171','una direccion cucucucucucucuucuc',' ','Una ciudad cacacacacaca','undefined',24,2222,33333,2147483647,'VIR',286537.5,2,'34234234','51d069e7f01532939ab4a101e54bd8f03268480a','3242'),('2012-01-26',28,'Mozilla/5.0 (X11; Linux x86_64; rv:9.0.1) Gecko/20100101 Firefox','190.199.32.171','una direccion cucucucucucucuucuc',' ','Una ciudad cacacacacaca','undefined',424,2222,33333,2147483647,'WSM',865489.44375,2,'34234234','51d069e7f01532939ab4a101e54bd8f03268480a','3242'),('2012-01-28',29,'Mozilla/5.0 (X11; Linux x86_64; rv:9.0.1) Gecko/20100101 Firefox','190.199.32.171','una direccion cucucucucucucuucuc',' ','Una ciudad cacacacacaca','undefined',424,2222,33333,2147483647,'WLF',291876.75,2,'34234234','51d069e7f01532939ab4a101e54bd8f03268480a','3242'),('2012-01-28',30,'Mozilla/5.0 (X11; Linux x86_64; rv:9.0.1) Gecko/20100101 Firefox','190.199.32.171','una direccion cucucucucucucuucuc',' ','Una ciudad cacacacacaca','undefined',424,2222,33333,2147483647,'VUT',6414.6375,2,'34234234','51d069e7f01532939ab4a101e54bd8f03268480a','3242'),('2012-01-28',31,'Mozilla/5.0 (X11; Linux x86_64; rv:9.0.1) Gecko/20100101 Firefox','190.199.32.171','una direccion cucucucucucucuucuc',' ','Una ciudad cacacacacaca','undefined',424,2222,33333,2147483647,'VNM',0,2,'34234234','51d069e7f01532939ab4a101e54bd8f03268480a','3242'),('2012-01-28',32,'Mozilla/5.0 (X11; Linux x86_64; rv:9.0.1) Gecko/20100101 Firefox','190.199.32.171','una direccion cucucucucucucuucuc',' ','Una ciudad cacacacacaca','undefined',424,2222,33333,2147483647,'VNM',0,2,'34234234','51d069e7f01532939ab4a101e54bd8f03268480a','3242'),('2012-01-28',33,'Mozilla/5.0 (X11; Linux x86_64; rv:9.0.1) Gecko/20100101 Firefox','190.199.32.171','una direccion cucucucucucucuucuc',' ','Una ciudad cacacacacaca','undefined',424,2222,33333,2147483647,'VUT',0,2,'34234234','51d069e7f01532939ab4a101e54bd8f03268480a','3242'),('2012-01-28',34,'Mozilla/5.0 (X11; Linux x86_64; rv:9.0.1) Gecko/20100101 Firefox','190.199.32.171','una direccion cucucucucucucuucuc',' ','Una ciudad cacacacacaca','undefined',424,2222,33333,2147483647,'WSM',0,2,'34234234','51d069e7f01532939ab4a101e54bd8f03268480a','3242'),('2012-01-28',35,'Mozilla/5.0 (X11; Linux x86_64; rv:9.0.1) Gecko/20100101 Firefox','190.199.32.171','Una direccion2222222222',' ','Una cuidad','undefined',424,44444,5555,6666666,'VEN',8008.875,2,'77777777','f16a791f79278ca6dc2be718ded003e136eff3ae','4242'),('2012-01-28',36,'Mozilla/5.0 (X11; Linux x86_64; rv:9.0.1) Gecko/20100101 Firefox','190.199.32.171','Una direccion2222222222',' ','Una cuidad','undefined',424,44444,5555,6666666,'WLF',5339.25,2,'77777777','f16a791f79278ca6dc2be718ded003e136eff3ae','4242'),('2012-01-28',37,'Mozilla/5.0 (Windows NT 6.1; rv:9.0.1) Gecko/20100101 Firefox/9.','3.3.3.12','Una dijjjjjjjjjjjjjjjjjjjjjjjreccion25555',' ','Una cuidad','undefined',424,44444,5555,6666666,'VUT',865489.44375,2,'2422828288ooooo555','f16a791f79278ca6dc2be718ded003e136eff3ae','4242'),('2012-02-02',38,'Mozilla/5.0 (compatible; MSIE 9.0; Windows NT 6.1; Trident/5.0)','186.25.191.43','rrrrr gggg bbbbbbbbbbbbb bbbbbbbbbbb bbbbbbb',' ','yyyyy yy','undefined',424,8100812,281,28027615,'VEN',289207.125,2,'4432433567654','018c5df56593d944d6bf28a4c3cca10922a5e0b0','5555'),('2012-02-07',39,'Mozilla/5.0 (X11; Linux x86_64; rv:10.0) Gecko/20100101 Firefox/','186.88.92.197','Una dijjjjjjjjjjjjjjjjjjjjjjjreccion25555',' ','Una cuidad','undefined',424,44444,5555,6666666,'YUG',2669.625,2,'1231231231','f16a791f79278ca6dc2be718ded003e136eff3ae','5453'),('2012-02-07',40,'Mozilla/5.0 (X11; Linux x86_64; rv:10.0) Gecko/20100101 Firefox/','186.88.92.197','Una dijjjjjjjjjjjjjjjjjjjjjjjreccion25555',' ','Una cuidad','undefined',424,44444,5555,6666666,'VNM',0,2,'1231231231','f16a791f79278ca6dc2be718ded003e136eff3ae','5453'),('2012-02-07',41,'Mozilla/5.0 (X11; Linux x86_64; rv:10.0) Gecko/20100101 Firefox/','186.88.92.197','Una dijjjjjjjjjjjjjjjjjjjjjjjreccion25555',' ','Una cuidad','undefined',424,44444,5555,6666666,'VGB',0,2,'1231231231','f16a791f79278ca6dc2be718ded003e136eff3ae','5453'),('2012-02-07',42,'Mozilla/5.0 (X11; Linux x86_64; rv:10.0) Gecko/20100101 Firefox/','186.88.92.197','Una dijjjjjjjjjjjjjjjjjjjjjjjreccion25555',' ','Una cuidad','undefined',424,44444,5555,6666666,'VAT',0,2,'1231231231','f16a791f79278ca6dc2be718ded003e136eff3ae','5453'),('2012-02-07',43,'Mozilla/5.0 (X11; Linux x86_64; rv:10.0) Gecko/20100101 Firefox/','186.88.92.197','Una dijjjjjjjjjjjjjjjjjjjjjjjreccion25555',' ','Una cuidad','undefined',424,44444,5555,6666666,'YEM',0,2,'1231231231','f16a791f79278ca6dc2be718ded003e136eff3ae','5453'),('2012-02-07',44,'Mozilla/5.0 (X11; Linux x86_64; rv:10.0) Gecko/20100101 Firefox/','186.88.92.197','Una dijjjjjjjjjjjjjjjjjjjjjjjreccion25555',' ','Una cuidad','undefined',424,44444,5555,6666666,'VNM',0,2,'1231231231','f16a791f79278ca6dc2be718ded003e136eff3ae','5453'),('2012-02-07',45,'Mozilla/5.0 (X11; Linux x86_64; rv:10.0) Gecko/20100101 Firefox/','186.88.92.197','Una dijjjjjjjjjjjjjjjjjjjjjjjreccion25555',' ','Una cuidad','undefined',424,44444,5555,6666666,'VIR',0,2,'1231231231','f16a791f79278ca6dc2be718ded003e136eff3ae','5453'),('2012-02-07',46,'Mozilla/5.0 (X11; Linux x86_64; rv:10.0) Gecko/20100101 Firefox/','186.88.92.197','Una dijjjjjjjjjjjjjjjjjjjjjjjreccion25555',' ','Una cuidad','undefined',424,44444,5555,6666666,'VIR',0,2,'1231231231','f16a791f79278ca6dc2be718ded003e136eff3ae','5453'),('2012-02-07',47,'Mozilla/5.0 (X11; Linux x86_64; rv:10.0) Gecko/20100101 Firefox/','186.88.92.197','Una dijjjjjjjjjjjjjjjjjjjjjjjreccion25555',' ','Una cuidad','undefined',424,44444,5555,6666666,'VUT',0,2,'1231231231','f16a791f79278ca6dc2be718ded003e136eff3ae','5453'),('2012-02-07',48,'Mozilla/5.0 (X11; Linux x86_64; rv:10.0) Gecko/20100101 Firefox/','186.88.92.197','Una dijjjjjjjjjjjjjjjjjjjjjjjreccion25555',' ','Una cuidad','undefined',424,44444,5555,6666666,'VNM',0,2,'1231231231','f16a791f79278ca6dc2be718ded003e136eff3ae','5453'),('2012-02-07',49,'Mozilla/5.0 (X11; Linux x86_64; rv:10.0) Gecko/20100101 Firefox/','186.88.92.197','Una dijjjjjjjjjjjjjjjjjjjjjjjreccion25555',' ','Una cuidad','undefined',424,44444,5555,6666666,'VEN',3207.31875,2,'1231231231','f16a791f79278ca6dc2be718ded003e136eff3ae','5453'),('2012-02-07',50,'Mozilla/5.0 (X11; Linux x86_64; rv:10.0) Gecko/20100101 Firefox/','186.88.92.197','Una dijjjjjjjjjjjjjjjjjjjjjjjreccion25555',' ','Una cuidad','undefined',424,44444,5555,6666666,'YUG',0,2,'1231231231','f16a791f79278ca6dc2be718ded003e136eff3ae','5453'),('2012-02-07',51,'Mozilla/5.0 (X11; Linux x86_64; rv:10.0) Gecko/20100101 Firefox/','186.88.92.197','Una dijjjjjjjjjjjjjjjjjjjjjjjreccion25555',' ','Una cuidad','undefined',424,44444,5555,6666666,'VNM',0,2,'1231231231','f16a791f79278ca6dc2be718ded003e136eff3ae','5453'),('2012-02-07',52,'Mozilla/5.0 (X11; Linux x86_64; rv:10.0) Gecko/20100101 Firefox/','186.88.92.197','Una dijjjjjjjjjjjjjjjjjjjjjjjreccion25555',' ','Una cuidad','undefined',424,44444,5555,6666666,'VEN',0,2,'1231231231','f16a791f79278ca6dc2be718ded003e136eff3ae','5453'),('2012-02-07',53,'Mozilla/5.0 (X11; Linux x86_64; rv:10.0) Gecko/20100101 Firefox/','186.88.92.197','Una dijjjjjjjjjjjjjjjjjjjjjjjreccion25555',' ','Una cuidad','undefined',424,44444,5555,6666666,'UKR',0,2,'1231231231','f16a791f79278ca6dc2be718ded003e136eff3ae','5453'),('2012-02-07',54,'Mozilla/5.0 (X11; Linux x86_64; rv:10.0) Gecko/20100101 Firefox/','186.88.92.197','Una dijjjjjjjjjjjjjjjjjjjjjjjreccion25555',' ','Una cuidad','undefined',424,44444,5555,6666666,'VIR',0,2,'1231231231','f16a791f79278ca6dc2be718ded003e136eff3ae','5453'),('2012-02-07',55,'Mozilla/5.0 (X11; Linux x86_64; rv:10.0) Gecko/20100101 Firefox/','186.94.25.31','una calle blablaba cuas cuas numero 1',' ','Un estado vieja xD','undefined',424,44444,5555,6666666,'VEN',286537.5,2,'31231231231231','f16a791f79278ca6dc2be718ded003e136eff3ae','1231'),('2012-02-08',56,'Mozilla/5.0 (X11; Linux x86_64; rv:10.0) Gecko/20100101 Firefox/','186.94.25.31','una calle blablaba cuas cuas numero 1',' ','Un estado vieja xD','undefined',424,4444444,5555,6666666,'WLF',2669.625,2,'31231231231231','f16a791f79278ca6dc2be718ded003e136eff3ae','1231'),('2012-02-08',57,'Mozilla/5.0 (X11; Linux x86_64; rv:10.0) Gecko/20100101 Firefox/','186.94.25.31','una calle blablaba cuas cuas numero 1',' ','Un estado vieja xD','',424,4444444,5555,6666666,'VIR',2669.625,2,'31231231231231','f16a791f79278ca6dc2be718ded003e136eff3ae','1231'),('2012-02-08',58,'Mozilla/5.0 (X11; Linux x86_64; rv:10.0) Gecko/20100101 Firefox/','186.94.25.31','una calle blablaba cuas cuas numero 1',' ','Un estado vieja xD','undefined',424,4444444,5555,6666666,'VUT',286537.5,2,'31231231231231','f16a791f79278ca6dc2be718ded003e136eff3ae','1231'),('2012-02-08',59,'Mozilla/5.0 (X11; Linux x86_64; rv:10.0) Gecko/20100101 Firefox/','186.94.25.31','una calle blablaba cuas cuas numero 1',' ','Un estado vieja xD','undefined',424,4444444,5555,6666666,'WLF',3207.31875,2,'31231231231231','f16a791f79278ca6dc2be718ded003e136eff3ae','1231'),('2012-02-08',60,'Mozilla/5.0 (X11; Linux x86_64; rv:10.0) Gecko/20100101 Firefox/','186.94.25.31','una calle blablaba cuas cuas numero 1',' ','Un estado vieja xD','undefined',424,4444444,5555,6666666,'WSM',2669.625,4,'31231231231231','f16a791f79278ca6dc2be718ded003e136eff3ae','1231'),('2012-02-08',61,'Mozilla/5.0 (X11; Linux x86_64; rv:10.0) Gecko/20100101 Firefox/','186.94.25.31','una calle blablaba cuas cuas numero 1',' ','Un estado vieja xD','undefined',424,4444444,5555,6666666,'VUT',2669.625,2,'31231231231231','f16a791f79278ca6dc2be718ded003e136eff3ae','1231'),('2012-02-08',62,'Mozilla/5.0 (X11; Linux x86_64; rv:10.0) Gecko/20100101 Firefox/','186.94.25.31','una calle blablaba cuas cuas numero 1',' ','Un estado vieja xD','undefined',424,4444444,5555,6666666,'USA',2669.625,4,'31231231231231','f16a791f79278ca6dc2be718ded003e136eff3ae','123123123123'),('2012-02-08',63,'Mozilla/5.0 (X11; Linux x86_64; rv:10.0) Gecko/20100101 Firefox/','186.94.25.31','una calle blablaba cuas cuas numero 1',' ','Un estado vieja xD','undefined',424,4444444,5555,6666666,'VNM',3207.31875,2,'31231231231231','f16a791f79278ca6dc2be718ded003e136eff3ae','2323'),('2012-02-08',64,'Mozilla/5.0 (X11; Linux x86_64; rv:10.0) Gecko/20100101 Firefox/','186.94.25.31','una calle blablaba cuas cuas numero 1',' ','Un estado vieja xD','undefined',424,4444444,5555,6666666,'WSM',2669.625,1,'31231231231231','f16a791f79278ca6dc2be718ded003e136eff3ae','2323'),('2012-02-08',65,'Mozilla/5.0 (X11; Linux x86_64; rv:10.0) Gecko/20100101 Firefox/','186.94.25.31','una calle blablaba cuas cuas numero 1',' ','Un estado vieja xD','undefined',424,4444444,5555,6666666,'VUT',3207.31875,2,'31231231231231','f16a791f79278ca6dc2be718ded003e136eff3ae','2323'),('2012-02-09',66,'Mozilla/5.0 (X11; Linux x86_64; rv:10.0) Gecko/20100101 Firefox/','186.94.25.31','una calle blablaba cuas cuas numero 1',' ','Un estado vieja xD','undefined',424,4444444,5555,6666666,'VEN',50.72715,2,'31231231313','f16a791f79278ca6dc2be718ded003e136eff3ae','2323'),('2012-02-09',67,'Mozilla/5.0 (X11; Linux x86_64; rv:10.0) Gecko/20100101 Firefox/','186.94.25.31','una calle blablaba cuas cuas numero 1',' ','Un estado vieja xD','undefined',424,4444444,5555,6666666,'WSM',2669.625,4,'31231231313','f16a791f79278ca6dc2be718ded003e136eff3ae','23424'),('2012-02-09',68,'Mozilla/5.0 (X11; Linux x86_64; rv:10.0) Gecko/20100101 Firefox/','186.94.25.31','una calle blablaba cuas cuas numero 1',' ','Un estado vieja xD','undefined',424,4444444,5555,6666666,'VGB',85.8452,1,'31231231313','f16a791f79278ca6dc2be718ded003e136eff3ae','4234'),('2012-02-09',69,'Mozilla/5.0 (X11; Linux x86_64; rv:10.0) Gecko/20100101 Firefox/','186.94.25.31','una calle blablaba cuas cuas numero 1',' ','Un estado vieja xD','undefined',424,4444444,5555,6666666,'WLF',66.264495,2,'31231231313','f16a791f79278ca6dc2be718ded003e136eff3ae','4234'),('2012-02-09',70,'Mozilla/5.0 (X11; Linux x86_64; rv:10.0) Gecko/20100101 Firefox/','186.94.25.31','una calle blablaba cuas cuas numero 1',' ','Un estado vieja xD','undefined',424,4444444,5555,6666666,'VNM',206.7,2,'31231231313','f16a791f79278ca6dc2be718ded003e136eff3ae','4234'),('2012-02-09',71,'Mozilla/5.0 (X11; Linux x86_64; rv:10.0) Gecko/20100101 Firefox/','186.94.25.31','una calle blablaba cuas cuas numero 1',' ','Un estado vieja xD','undefined',424,4444444,5555,6666666,'VGB',50.63025,2,'31231231313','f16a791f79278ca6dc2be718ded003e136eff3ae','4234'),('2012-02-09',72,'Mozilla/5.0 (X11; Linux x86_64; rv:10.0) Gecko/20100101 Firefox/','186.94.25.31','una calle blablaba cuas cuas numero 1',' ','Un estado vieja xD','undefined',424,4444444,5555,6666666,'WLF',172.25,4,'31231231313','f16a791f79278ca6dc2be718ded003e136eff3ae','4234'),('2012-02-09',73,'Mozilla/5.0 (X11; Linux x86_64; rv:10.0) Gecko/20100101 Firefox/','186.94.25.31','una calle blablaba cuas cuas numero 1',' ','Un estado vieja xD','undefined',424,4444444,5555,6666666,'VGB',91.13445,4,'31231231313','f16a791f79278ca6dc2be718ded003e136eff3ae','4234'),('2012-02-09',74,'Mozilla/5.0 (X11; Linux x86_64; rv:10.0) Gecko/20100101 Firefox/','186.94.25.31','una calle blablaba cuas cuas numero 1',' ','Un estado vieja xD','undefined',424,4444444,5555,6666666,'VIR',52.77051,2,'12312312312313','f16a791f79278ca6dc2be718ded003e136eff3ae','4234'),('2012-02-09',75,'Mozilla/5.0 (X11; Linux x86_64; rv:10.0) Gecko/20100101 Firefox/','186.94.25.31','una calle blablaba cuas cuas numero 1',' ','Un estado vieja xD','undefined',424,4444444,5555,6666666,'VUT',63.19818,2,'12312312312313','f16a791f79278ca6dc2be718ded003e136eff3ae','4234'),('2012-02-09',76,'Mozilla/5.0 (X11; Linux x86_64; rv:10.0) Gecko/20100101 Firefox/','186.94.25.31','una calle blablaba cuas cuas numero 1',' ','Un estado vieja xD','undefined',424,4444444,5555,6666666,'VEN',60.29118,2,'12312312312313','f16a791f79278ca6dc2be718ded003e136eff3ae','4234'),('2012-02-09',77,'Mozilla/5.0 (X11; Linux x86_64; rv:10.0) Gecko/20100101 Firefox/','186.94.25.31','una calle blablaba cuas cuas numero 1',' ','Un estado vieja xD','undefined',424,4444444,5555,6666666,'VEN',200.9706,2,'3123131313','f16a791f79278ca6dc2be718ded003e136eff3ae','4234'),('2012-02-09',78,'Mozilla/5.0 (X11; Linux x86_64; rv:10.0) Gecko/20100101 Firefox/','186.94.25.31','una calle blablaba cuas cuas numero 1',' ','Un estado vieja xD','undefined',424,4444444,5555,6666666,'VUT',172.25,1,'231231232','f16a791f79278ca6dc2be718ded003e136eff3ae','4234'),('2012-02-09',79,'Mozilla/5.0 (X11; Linux x86_64; rv:10.0) Gecko/20100101 Firefox/','186.94.25.31','una calle blablaba cuas cuas numero 1',' ','Un estado vieja xD','undefined',424,4444444,5555,6666666,'VIR',180.87354,2,'231231232','f16a791f79278ca6dc2be718ded003e136eff3ae','4234'),('2012-02-09',80,'Mozilla/5.0 (X11; Linux x86_64; rv:10.0) Gecko/20100101 Firefox/','186.94.25.31','una calle blablaba cuas cuas numero 1',' ','Un estado vieja xD','undefined',424,4444444,5555,6666666,'VNM',66.264495,2,'231231232','f16a791f79278ca6dc2be718ded003e136eff3ae','4234'),('2012-02-09',81,'Mozilla/5.0 (X11; Linux x86_64; rv:10.0) Gecko/20100101 Firefox/','186.94.25.31','una calle blablaba cuas cuas numero 1',' ','Un estado vieja xD','undefined',424,4444444,23432,23423424,'VUT',155.025,2,'231231232','f16a791f79278ca6dc2be718ded003e136eff3ae','4234'),('2012-02-09',82,'Mozilla/5.0 (X11; Linux x86_64; rv:10.0) Gecko/20100101 Firefox/','186.94.25.31','una calle blablaba cuas cuas numero 1',' ','Un estado vieja xD','undefined',424,4444444,23432,23423424,'VIR',50.63025,2,'231231232','f16a791f79278ca6dc2be718ded003e136eff3ae','4234'),('2012-02-09',83,'Mozilla/5.0 (X11; Linux x86_64; rv:10.0) Gecko/20100101 Firefox/','186.94.25.31','una calle blablaba cuas cuas numero 1',' ','Un estado vieja xD','undefined',424,4444444,23432,23423424,'VEN',136.0476,2,'231231232','f16a791f79278ca6dc2be718ded003e136eff3ae','4234'),('2012-02-09',84,'Mozilla/5.0 (X11; Linux x86_64; rv:10.0) Gecko/20100101 Firefox/','186.94.25.31','una calle blablaba cuas cuas numero 1',' ','Un estado vieja xD','undefined',424,4444444,23432,23423424,'VGB',36.526455,2,'231231232','f16a791f79278ca6dc2be718ded003e136eff3ae','4234'),('2012-02-09',85,'Mozilla/5.0 (X11; Linux x86_64; rv:10.0) Gecko/20100101 Firefox/','186.94.25.31','una calle blablaba cuas cuas numero 1',' ','Un estado vieja xD','undefined',3423,4444444,23432,23423424,'VEN',80.38824,2,'231231232','f16a791f79278ca6dc2be718ded003e136eff3ae','4234'),('2012-02-09',86,'Mozilla/5.0 (X11; Linux x86_64; rv:10.0) Gecko/20100101 Firefox/','186.94.25.31','una calle blablaba cuas cuas numero 1',' ','Un estado vieja xD','undefined',3423,4444444,23432,23423424,'VGB',120.58236,2,'231231232','f16a791f79278ca6dc2be718ded003e136eff3ae','4234'),('2012-02-09',87,'Mozilla/5.0 (X11; Linux x86_64; rv:10.0) Gecko/20100101 Firefox/','186.94.25.31','una calle blablaba cuas cuas numero 1',' ','Un estado vieja xD','undefined',3423,4444444,23432,23423424,'VEN',172.25,2,'231231232','f16a791f79278ca6dc2be718ded003e136eff3ae','4234'),('2012-02-09',88,'Mozilla/5.0 (X11; Linux x86_64; rv:10.0) Gecko/20100101 Firefox/','186.94.25.31','una calle blablaba cuas cuas numero 1',' ','Un estado vieja xD','undefined',3423,4444444,23432,23423424,'VGB',172.25,2,'231231232','f16a791f79278ca6dc2be718ded003e136eff3ae','4234'),('2012-02-09',89,'Mozilla/5.0 (X11; Linux x86_64; rv:10.0) Gecko/20100101 Firefox/','186.94.25.31','una calle blablaba cuas cuas numero 1',' ','Un estado vieja xD','undefined',3423,4444444,23432,23423424,'VGB',155.025,2,'231231232','f16a791f79278ca6dc2be718ded003e136eff3ae','4234'),('2012-02-09',90,'Mozilla/5.0 (X11; Linux x86_64; rv:10.0) Gecko/20100101 Firefox/','186.94.25.31','una calle blablaba cuas cuas numero 1',' ','Un estado vieja xD','undefined',3423,4444444,23432,23423424,'YUG',289757.15796,1,'231231232','f16a791f79278ca6dc2be718ded003e136eff3ae','4234'),('2012-02-09',91,'Mozilla/5.0 (X11; Linux x86_64; rv:10.0) Gecko/20100101 Firefox/','186.94.25.31','una calle blablaba cuas cuas numero 1',' ','Un estado vieja xD','undefined',3423,4444444,23432,23423424,'VUT',85.8452,1,'231231232','f16a791f79278ca6dc2be718ded003e136eff3ae','4234'),('2012-02-09',92,'Mozilla/5.0 (X11; Linux x86_64; rv:10.0) Gecko/20100101 Firefox/','186.94.25.31','una calle blablaba cuas cuas numero 1',' ','Un estado vieja xD','undefined',3423,4444444,23432,23423424,'WLF',41.76348,1,'231231232','f16a791f79278ca6dc2be718ded003e136eff3ae','4234'),('2012-02-09',93,'Mozilla/5.0 (X11; Linux x86_64; rv:10.0) Gecko/20100101 Firefox/','186.94.25.31','una calle blablaba cuas cuas numero 1',' ','Un estado vieja xD','undefined',3423,4444444,23432,23423424,'VGB',2669.625,1,'231231232','f16a791f79278ca6dc2be718ded003e136eff3ae','4234'),('2012-02-09',94,'Mozilla/5.0 (X11; Linux x86_64; rv:10.0) Gecko/20100101 Firefox/','186.94.25.31','una calle blablaba cuas cuas numero 1',' ','Un estado vieja xD','undefined',3423,4444444,23432,23423424,'VGB',2669.625,1,'231231232','f16a791f79278ca6dc2be718ded003e136eff3ae','4234'),('2012-02-09',95,'Mozilla/5.0 (X11; Linux x86_64; rv:10.0) Gecko/20100101 Firefox/','186.94.25.31','una calle blablaba cuas cuas numero 1',' ','Un estado vieja xD','undefined',3423,4444444,23432,23423424,'UZB',2669.625,1,'231231232','f16a791f79278ca6dc2be718ded003e136eff3ae','4234'),('2012-02-09',96,'Mozilla/5.0 (X11; Linux x86_64; rv:10.0) Gecko/20100101 Firefox/','186.94.25.31','una calle blablaba cuas cuas numero 1',' ','Un estado vieja xD','undefined',3423,4444444,23432,23423424,'VCT',2669.625,1,'231231232','f16a791f79278ca6dc2be718ded003e136eff3ae','4234'),('2012-02-09',97,'Mozilla/5.0 (X11; Linux x86_64; rv:10.0) Gecko/20100101 Firefox/','186.94.25.31','una calle blablaba cuas cuas numero 1',' ','Un estado vieja xD','undefined',3423,4444444,23432,23423424,'VAT',2669.625,1,'231231232','f16a791f79278ca6dc2be718ded003e136eff3ae','4234'),('2012-02-09',98,'Mozilla/5.0 (X11; Linux x86_64; rv:10.0) Gecko/20100101 Firefox/','186.94.25.31','una calle blablaba cuas cuas numero 1',' ','Un estado vieja xD','undefined',3423,4444444,23432,23423424,'VGB',2669.625,1,'231231232','f16a791f79278ca6dc2be718ded003e136eff3ae','4234'),('2012-02-09',99,'Mozilla/5.0 (X11; Linux x86_64; rv:10.0) Gecko/20100101 Firefox/','186.94.25.31','una calle blablaba cuas cuas numero 1',' ','Un estado vieja xD','undefined',3423,4444444,23432,23423424,'WLF',2669.625,1,'231231232','f16a791f79278ca6dc2be718ded003e136eff3ae','4234'),('2012-02-09',100,'Mozilla/5.0 (X11; Linux x86_64; rv:10.0) Gecko/20100101 Firefox/','186.94.25.31','una calle blablaba cuas cuas numero 1',' ','Un estado vieja xD','undefined',3423,4444444,23432,23423424,'URY',2669.625,1,'231231232','f16a791f79278ca6dc2be718ded003e136eff3ae','4234'),('2012-02-09',101,'Mozilla/5.0 (X11; Linux x86_64; rv:10.0) Gecko/20100101 Firefox/','186.94.25.31','una calle blablaba cuas cuas numero 1',' ','Un estado vieja xD','undefined',3423,4444444,23432,23423424,'VAT',2669.625,1,'231231232','f16a791f79278ca6dc2be718ded003e136eff3ae','4234'),('2012-02-09',102,'Mozilla/5.0 (X11; Linux x86_64; rv:10.0) Gecko/20100101 Firefox/','186.94.25.31','una calle blablaba cuas cuas numero 1',' ','Un estado vieja xD','undefined',3423,4444444,23432,23423424,'UZB',2669.625,1,'231231232','f16a791f79278ca6dc2be718ded003e136eff3ae','4234'),('2012-02-09',103,'Mozilla/5.0 (X11; Linux x86_64; rv:10.0) Gecko/20100101 Firefox/','186.94.25.31','una calle blablaba cuas cuas numero 1',' ','Un estado vieja xD','undefined',3423,4444444,23432,23423424,'UZB',2669.625,1,'231231232','f16a791f79278ca6dc2be718ded003e136eff3ae','4234'),('2012-02-09',104,'Mozilla/5.0 (X11; Linux x86_64; rv:10.0) Gecko/20100101 Firefox/','186.94.25.31','una calle blablaba cuas cuas numero 1',' ','Un estado vieja xD','undefined',3423,4444444,23432,23423424,'USA',2669.625,1,'231231232','f16a791f79278ca6dc2be718ded003e136eff3ae','4234'),('2012-02-09',105,'Mozilla/5.0 (X11; Linux x86_64; rv:10.0) Gecko/20100101 Firefox/','186.94.25.31','una calle blablaba cuas cuas numero 1',' ','Un estado vieja xD','undefined',3423,4444444,23432,23423424,'VAT',2669.625,1,'231231232','f16a791f79278ca6dc2be718ded003e136eff3ae','4234'),('2012-02-09',106,'Mozilla/5.0 (X11; Linux x86_64; rv:10.0) Gecko/20100101 Firefox/','186.94.25.31','una calle blablaba cuas cuas numero 1',' ','Un estado vieja xD','undefined',3423,4444444,23432,23423424,'UZB',2669.625,2,'231231232','f16a791f79278ca6dc2be718ded003e136eff3ae','4234'),('2012-02-09',107,'Mozilla/5.0 (X11; Linux x86_64; rv:10.0) Gecko/20100101 Firefox/','186.94.25.31','una calle blablaba cuas cuas numero 1',' ','Un estado vieja xD','undefined',3423,4444444,23432,23423424,'VNM',2669.625,2,'231231232','f16a791f79278ca6dc2be718ded003e136eff3ae','4234'),('2012-02-09',108,'Mozilla/5.0 (X11; Linux x86_64; rv:10.0) Gecko/20100101 Firefox/','186.94.25.31','una calle blablaba cuas cuas numero 1',' ','Un estado vieja xD','undefined',3423,4444444,23432,23423424,'VIR',2669.625,4,'231231232','f16a791f79278ca6dc2be718ded003e136eff3ae','4234'),('2012-02-09',109,'Mozilla/5.0 (X11; Linux x86_64; rv:10.0) Gecko/20100101 Firefox/','186.94.25.31','una calle blablaba cuas cuas numero 1',' ','Un estado vieja xD','undefined',3423,4444444,23432,23423424,'USA',2669.625,4,'231231232','f16a791f79278ca6dc2be718ded003e136eff3ae','4234'),('2012-02-09',110,'Mozilla/5.0 (X11; Linux x86_64; rv:10.0) Gecko/20100101 Firefox/','186.94.25.31','una calle blablaba cuas cuas numero 1',' ','Un estado vieja xD','undefined',3423,4444444,23432,23423424,'UZB',2669.625,4,'231231232','f16a791f79278ca6dc2be718ded003e136eff3ae','4234'),('2012-02-09',111,'Mozilla/5.0 (X11; Linux x86_64; rv:10.0) Gecko/20100101 Firefox/','186.94.25.31','una calle blablaba cuas cuas numero 1',' ','Un estado vieja xD','undefined',3423,4444444,23432,23423424,'VGB',163.6375,1,'231231232','f16a791f79278ca6dc2be718ded003e136eff3ae','4234'),('2012-02-09',112,'Mozilla/5.0 (X11; Linux x86_64; rv:10.0) Gecko/20100101 Firefox/','186.94.25.31','una calle blablaba cuas cuas numero 1',' ','Un estado vieja xD','undefined',424,1222221,23432,23423424,'VGB',163.6375,1,'231231232','f16a791f79278ca6dc2be718ded003e136eff3ae','4234'),('2012-02-09',113,'Mozilla/5.0 (X11; Linux x86_64; rv:10.0) Gecko/20100101 Firefox/','186.94.25.31','una calle blablaba cuas cuas numero 1',' ','Un estado vieja xD','undefined',424,1222221,23432,23423424,'VNM',2669.625,2,'231231232','f16a791f79278ca6dc2be718ded003e136eff3ae','4234'),('2012-02-09',114,'Mozilla/5.0 (X11; Linux x86_64; rv:10.0) Gecko/20100101 Firefox/','186.94.25.31','una calle blablaba cuas cuas numero 1',' ','Un estado vieja xD','undefined',424,1222221,23432,23423424,'VEN',292414.44375,2,'231231232','f16a791f79278ca6dc2be718ded003e136eff3ae','4234'),('2012-02-09',115,'Mozilla/5.0 (X11; Linux x86_64; rv:10.0) Gecko/20100101 Firefox/','186.94.25.31','una calle blablaba cuas cuas numero 1',' ','Un estado vieja xD','undefined',424,1222221,23432,23423424,'VGB',6414.6375,1,'231231232','f16a791f79278ca6dc2be718ded003e136eff3ae','4234'),('2012-02-09',116,'Mozilla/5.0 (X11; Linux x86_64; rv:10.0) Gecko/20100101 Firefox/','186.94.25.31','una calle blablaba cuas cuas numero 1',' ','Un estado vieja xD','undefined',424,1222221,23432,23423424,'WSM',5876.94375,1,'231231232','f16a791f79278ca6dc2be718ded003e136eff3ae','4234'),('2012-02-09',117,'Mozilla/5.0 (X11; Linux x86_64; rv:10.0) Gecko/20100101 Firefox/','186.94.25.31','una calle blablaba cuas cuas numero 1',' ','Un estado vieja xD','undefined',424,1222221,23432,23423424,'VEN',5876.94375,1,'231231232','f16a791f79278ca6dc2be718ded003e136eff3ae','4234'),('2012-02-09',118,'Mozilla/5.0 (X11; Linux x86_64; rv:10.0) Gecko/20100101 Firefox/','186.94.25.31','una calle blablaba cuas cuas numero 1',' ','Un estado vieja xD','undefined',424,1222221,23432,23423424,'VNM',2669.625,1,'231231232','f16a791f79278ca6dc2be718ded003e136eff3ae','4234'),('2012-02-09',119,'Mozilla/5.0 (X11; Linux x86_64; rv:10.0) Gecko/20100101 Firefox/','186.94.25.31','una calle blablaba cuas cuas numero 1',' ','Un estado vieja xD','undefined',424,1222221,23432,23423424,'VIR',2669.625,1,'231231232','f16a791f79278ca6dc2be718ded003e136eff3ae','4234'),('2012-02-09',120,'Mozilla/5.0 (X11; Linux x86_64; rv:10.0) Gecko/20100101 Firefox/','186.94.25.31','una calle blablaba cuas cuas numero 1',' ','Un estado vieja xD','undefined',424,1222221,23432,23423424,'VEN',2669.625,1,'231231232','f16a791f79278ca6dc2be718ded003e136eff3ae','4234'),('2012-02-09',121,'Mozilla/5.0 (X11; Linux x86_64; rv:10.0) Gecko/20100101 Firefox/','186.94.25.31','una calle blablaba cuas cuas numero 1',' ','Un estado vieja xD','undefined',424,1222221,23432,23423424,'VEN',2669.625,1,'231231232','f16a791f79278ca6dc2be718ded003e136eff3ae','4234'),('2012-02-09',122,'Mozilla/5.0 (X11; Linux x86_64; rv:10.0) Gecko/20100101 Firefox/','186.94.25.31','una calle blablaba cuas cuas numero 1',' ','Un estado vieja xD','undefined',424,1222221,23432,23423424,'YEM',2669.625,1,'231231232','f16a791f79278ca6dc2be718ded003e136eff3ae','4234'),('2012-02-09',123,'Mozilla/5.0 (X11; Linux x86_64; rv:10.0) Gecko/20100101 Firefox/','186.94.25.31','una calle blablaba cuas cuas numero 1',' ','Un estado vieja xD','undefined',424,1222221,23432,23423424,'WLF',2669.625,1,'231231232','f16a791f79278ca6dc2be718ded003e136eff3ae','4234'),('2012-02-09',124,'Mozilla/5.0 (X11; Linux x86_64; rv:10.0) Gecko/20100101 Firefox/','186.94.25.31','una calle blablaba cuas cuas numero 1',' ','Un estado vieja xD','undefined',424,1222221,23432,23423424,'WSM',2669.625,2,'231231232','f16a791f79278ca6dc2be718ded003e136eff3ae','4234'),('2012-02-09',125,'Mozilla/5.0 (X11; Linux x86_64; rv:10.0) Gecko/20100101 Firefox/','186.94.25.31','una calle blablaba cuas cuas numero 1',' ','Un estado vieja xD','undefined',424,1222221,23432,23423424,'VEN',286537.5,2,'231231232','f16a791f79278ca6dc2be718ded003e136eff3ae','4234'),('2012-02-09',126,'Mozilla/5.0 (X11; Linux x86_64; rv:10.0) Gecko/20100101 Firefox/','186.94.25.31','una calle blablaba cuas cuas numero 1',' ','Un estado vieja xD','undefined',424,1222221,23432,23423424,'WSM',286537.5,2,'231231232','f16a791f79278ca6dc2be718ded003e136eff3ae','4234'),('2012-02-09',127,'Mozilla/5.0 (X11; Linux x86_64; rv:10.0) Gecko/20100101 Firefox/','186.94.25.31','una calle blablaba cuas cuas numero 1',' ','Un estado vieja xD','undefined',424,1222221,23432,23423424,'VEN',286537.5,2,'231231232','f16a791f79278ca6dc2be718ded003e136eff3ae','4234'),('2012-02-09',128,'Mozilla/5.0 (X11; Linux x86_64; rv:10.0) Gecko/20100101 Firefox/','186.94.25.31','una calle blablaba cuas cuas numero 1',' ','Un estado vieja xD','undefined',424,1222221,23432,23423424,'WSM',286537.5,2,'231231232','f16a791f79278ca6dc2be718ded003e136eff3ae','4234'),('2012-02-09',129,'Mozilla/5.0 (X11; Linux x86_64; rv:10.0) Gecko/20100101 Firefox/','186.94.25.31','una calle blablaba cuas cuas numero 1',' ','Un estado vieja xD','undefined',424,1222221,23432,23423424,'VCT',286537.5,2,'231231232','f16a791f79278ca6dc2be718ded003e136eff3ae','4234'),('2012-02-09',130,'Mozilla/5.0 (X11; Linux x86_64; rv:10.0) Gecko/20100101 Firefox/','186.94.25.31','una calle blablaba cuas cuas numero 1',' ','Un estado vieja xD','undefined',424,1222221,23432,23423424,'WSM',286537.5,2,'231231232','f16a791f79278ca6dc2be718ded003e136eff3ae','4234'),('2012-02-09',131,'Mozilla/5.0 (X11; Linux x86_64; rv:10.0) Gecko/20100101 Firefox/','186.94.25.31','una calle blablaba cuas cuas numero 1',' ','Un estado vieja xD','undefined',424,1222221,23432,23423424,'VEN',2669.625,2,'231231232','f16a791f79278ca6dc2be718ded003e136eff3ae','4234'),('2012-02-09',132,'Mozilla/5.0 (X11; Linux x86_64; rv:10.0) Gecko/20100101 Firefox/','186.94.25.31','una calle blablaba cuas cuas numero 1',' ','Un estado vieja xD','undefined',424,1222221,23432,23423424,'WSM',2669.625,2,'231231232','f16a791f79278ca6dc2be718ded003e136eff3ae','4234'),('2012-02-09',133,'Mozilla/5.0 (X11; Linux x86_64; rv:10.0) Gecko/20100101 Firefox/','186.94.25.31','una calle blablaba cuas cuas numero 1',' ','Un estado vieja xD','undefined',424,1222221,23432,23423424,'VUT',2669.625,2,'231231232','f16a791f79278ca6dc2be718ded003e136eff3ae','4234'),('2012-02-09',134,'Mozilla/5.0 (X11; Linux x86_64; rv:10.0) Gecko/20100101 Firefox/','186.94.25.31','una calle blablaba cuas cuas numero 1',' ','Un estado vieja xD','undefined',424,1222221,23432,23423424,'ZAF',2669.625,2,'231231232','f16a791f79278ca6dc2be718ded003e136eff3ae','4234'),('2012-02-09',135,'Mozilla/5.0 (X11; Linux x86_64; rv:10.0) Gecko/20100101 Firefox/','186.94.25.31','una calle blablaba cuas cuas numero 1',' ','Un estado vieja xD','undefined',424,1222221,23432,23423424,'VUT',2669.625,2,'231231232','f16a791f79278ca6dc2be718ded003e136eff3ae','4234'),('2012-02-09',136,'Mozilla/5.0 (X11; Linux x86_64; rv:10.0) Gecko/20100101 Firefox/','186.94.25.31','una calle blablaba cuas cuas numero 1',' ','Un estado vieja xD','undefined',424,1222221,23432,23423424,'VNM',2669.625,2,'231231232','f16a791f79278ca6dc2be718ded003e136eff3ae','4234'),('2012-02-09',137,'Mozilla/5.0 (X11; Linux x86_64; rv:10.0) Gecko/20100101 Firefox/','186.94.25.31','una calle blablaba cuas cuas numero 1',' ','Un estado vieja xD','undefined',424,1222221,23432,23423424,'YUG',5876.94375,2,'231231232','f16a791f79278ca6dc2be718ded003e136eff3ae','4234'),('2012-02-09',138,'Mozilla/5.0 (X11; Linux x86_64; rv:10.0) Gecko/20100101 Firefox/','186.94.25.31','una calle blablaba cuas cuas numero 1',' ','Un estado vieja xD','undefined',424,1222221,23432,23423424,'YUG',2669.625,2,'231231232','f16a791f79278ca6dc2be718ded003e136eff3ae','4234'),('2012-02-09',139,'Mozilla/5.0 (X11; Linux x86_64; rv:10.0) Gecko/20100101 Firefox/','186.94.25.31','una calle blablaba cuas cuas numero 1',' ','Un estado vieja xD','undefined',424,1222221,23432,23423424,'VUT',2669.625,2,'231231232','f16a791f79278ca6dc2be718ded003e136eff3ae','4234'),('2012-02-09',140,'Mozilla/5.0 (X11; Linux x86_64; rv:10.0) Gecko/20100101 Firefox/','186.94.25.31','una calle blablaba cuas cuas numero 1',' ','Un estado vieja xD','undefined',424,1222221,23432,23423424,'VGB',2669.625,2,'231231232','f16a791f79278ca6dc2be718ded003e136eff3ae','4234'),('2012-02-09',141,'Mozilla/5.0 (X11; Linux x86_64; rv:10.0) Gecko/20100101 Firefox/','186.94.25.31','una calle blablaba cuas cuas numero 1',' ','Un estado vieja xD','undefined',424,1222221,23432,23423424,'ZAF',2669.625,2,'231231232','f16a791f79278ca6dc2be718ded003e136eff3ae','4234'),('2012-02-09',142,'Mozilla/5.0 (X11; Linux x86_64; rv:10.0) Gecko/20100101 Firefox/','186.94.25.31','una calle blablaba cuas cuas numero 1',' ','Un estado vieja xD','undefined',424,1222221,23432,23423424,'VNM',2669.625,2,'231231232','f16a791f79278ca6dc2be718ded003e136eff3ae','4234'),('2012-02-09',143,'Mozilla/5.0 (X11; Linux x86_64; rv:10.0) Gecko/20100101 Firefox/','186.94.25.31','una calle blablaba cuas cuas numero 1',' ','Un estado vieja xD','undefined',424,1222221,23432,23423424,'WSM',5876.94375,2,'231231232','f16a791f79278ca6dc2be718ded003e136eff3ae','4234'),('2012-02-09',144,'Mozilla/5.0 (X11; Linux x86_64; rv:10.0) Gecko/20100101 Firefox/','186.94.25.31','una calle blablaba cuas cuas numero 1',' ','Un estado vieja xD','undefined',424,1222221,23432,23423424,'ZMB',2669.625,2,'231231232','f16a791f79278ca6dc2be718ded003e136eff3ae','4234'),('2012-02-09',145,'Mozilla/5.0 (X11; Linux x86_64; rv:10.0) Gecko/20100101 Firefox/','186.94.25.31','una calle blablaba cuas cuas numero 1',' ','Un estado vieja xD','undefined',424,1222221,23432,23423424,'WSM',9084.2625,2,'231231232','f16a791f79278ca6dc2be718ded003e136eff3ae','4234'),('2012-02-09',146,'Mozilla/5.0 (X11; Linux x86_64; rv:10.0) Gecko/20100101 Firefox/','186.94.25.31','una calle blablaba cuas cuas numero 1',' ','Un estado vieja xD','undefined',424,1222221,23432,23423424,'VIR',5876.94375,1,'231231232','f16a791f79278ca6dc2be718ded003e136eff3ae','4234'),('2012-02-09',147,'Mozilla/5.0 (X11; Linux x86_64; rv:10.0) Gecko/20100101 Firefox/','186.94.25.31','una calle blablaba cuas cuas numero 1',' ','Un estado vieja xD','undefined',424,1222221,23432,23423424,'YEM',5876.94375,1,'231231232','f16a791f79278ca6dc2be718ded003e136eff3ae','4234'),('2012-02-09',148,'Mozilla/5.0 (X11; Linux x86_64; rv:10.0) Gecko/20100101 Firefox/','186.94.25.31','una calle blablaba cuas cuas numero 1',' ','Un estado vieja xD','undefined',424,1222221,23432,23423424,'YUG',5876.94375,1,'231231232','f16a791f79278ca6dc2be718ded003e136eff3ae','4234'),('2012-02-09',149,'Mozilla/5.0 (X11; Linux x86_64; rv:10.0) Gecko/20100101 Firefox/','186.94.25.31','una calle blablaba cuas cuas numero 1',' ','Un estado vieja xD','undefined',424,1222221,23432,23423424,'YEM',8546.56875,1,'231231232','f16a791f79278ca6dc2be718ded003e136eff3ae','4234'),('2012-02-09',150,'Mozilla/5.0 (X11; Linux x86_64; rv:10.0) Gecko/20100101 Firefox/','186.94.25.31','una calle blablaba cuas cuas numero 1',' ','Un estado vieja xD','undefined',424,1222221,23432,23423424,'VNM',5876.94375,1,'231231232','f16a791f79278ca6dc2be718ded003e136eff3ae','4234'),('2012-02-09',151,'Mozilla/5.0 (X11; Linux x86_64; rv:10.0) Gecko/20100101 Firefox/','186.94.25.31','una calle blablaba cuas cuas numero 1',' ','Un estado vieja xD','undefined',424,1222221,23432,23423424,'VGB',2669.625,1,'231231232','f16a791f79278ca6dc2be718ded003e136eff3ae','4234'),('2012-02-09',152,'Mozilla/5.0 (X11; Linux x86_64; rv:10.0) Gecko/20100101 Firefox/','186.94.25.31','una calle blablaba cuas cuas numero 1',' ','Un estado vieja xD','undefined',424,1222221,23432,23423424,'WSM',2669.625,1,'231231232','f16a791f79278ca6dc2be718ded003e136eff3ae','4234'),('2012-02-09',153,'Mozilla/5.0 (X11; Linux x86_64; rv:10.0) Gecko/20100101 Firefox/','186.94.25.31','una calle blablaba cuas cuas numero 1',' ','Un estado vieja xD','undefined',424,1222221,23432,23423424,'VUT',292414.44375,1,'231231232','f16a791f79278ca6dc2be718ded003e136eff3ae','4234'),('2012-02-09',154,'Mozilla/5.0 (X11; Linux x86_64; rv:10.0) Gecko/20100101 Firefox/','186.94.25.31','una calle blablaba cuas cuas numero 1',' ','Un estado vieja xD','undefined',424,1222221,23432,23423424,'VNM',5876.94375,1,'231231232','f16a791f79278ca6dc2be718ded003e136eff3ae','4234'),('2012-02-09',155,'Mozilla/5.0 (X11; Linux x86_64; rv:10.0) Gecko/20100101 Firefox/','186.94.25.31','una calle blablaba cuas cuas numero 1',' ','Un estado vieja xD','undefined',424,1222221,23432,23423424,'VGB',5876.94375,1,'231231232','f16a791f79278ca6dc2be718ded003e136eff3ae','4234'),('2012-02-09',156,'Mozilla/5.0 (X11; Linux x86_64; rv:10.0) Gecko/20100101 Firefox/','186.94.25.31','una calle blablaba cuas cuas numero 1',' ','Un estado vieja xD','undefined',424,1222221,23432,23423424,'VNM',5876.94375,1,'231231232','f16a791f79278ca6dc2be718ded003e136eff3ae','4234'),('2012-02-09',157,'Mozilla/5.0 (X11; Linux x86_64; rv:10.0) Gecko/20100101 Firefox/','186.94.25.31','una calle blablaba cuas cuas numero 1',' ','Un estado vieja xD','undefined',424,1222221,23432,23423424,'VGB',5876.94375,1,'231231232','f16a791f79278ca6dc2be718ded003e136eff3ae','4234'),('2012-02-09',158,'Mozilla/5.0 (X11; Linux x86_64; rv:10.0) Gecko/20100101 Firefox/','186.94.25.31','una calle blablaba cuas cuas numero 1',' ','Un estado vieja xD','undefined',424,1222221,23432,23423424,'YEM',5876.94375,1,'231231232','f16a791f79278ca6dc2be718ded003e136eff3ae','4234'),('2012-02-09',159,'Mozilla/5.0 (X11; Linux x86_64; rv:10.0) Gecko/20100101 Firefox/','186.94.25.31','una calle blablaba cuas cuas numero 1',' ','Un estado vieja xD','undefined',424,1222221,23432,23423424,'VNM',5876.94375,1,'231231232','f16a791f79278ca6dc2be718ded003e136eff3ae','4234'),('2012-02-09',160,'Mozilla/5.0 (X11; Linux x86_64; rv:10.0) Gecko/20100101 Firefox/','186.94.25.31','una calle blablaba cuas cuas numero 1',' ','Un estado vieja xD','undefined',424,1222221,23432,23423424,'VGB',5876.94375,1,'231231232','f16a791f79278ca6dc2be718ded003e136eff3ae','4234'),('2012-02-09',161,'Mozilla/5.0 (X11; Linux x86_64; rv:10.0) Gecko/20100101 Firefox/','186.94.25.31','una calle blablaba cuas cuas numero 1',' ','Un estado vieja xD','undefined',424,1222221,23432,23423424,'VEN',5876.94375,2,'231231232','f16a791f79278ca6dc2be718ded003e136eff3ae','4234'),('2012-02-09',162,'Mozilla/5.0 (X11; Linux x86_64; rv:10.0) Gecko/20100101 Firefox/','186.94.25.31','una calle blablaba cuas cuas numero 1',' ','Un estado vieja xD','undefined',424,1222221,23432,23423424,'YUG',2669.625,2,'231231232','f16a791f79278ca6dc2be718ded003e136eff3ae','4234'),('2012-02-09',163,'Mozilla/5.0 (X11; Linux x86_64; rv:10.0) Gecko/20100101 Firefox/','186.94.25.31','una calle blablaba cuas cuas numero 1',' ','Un estado vieja xD','undefined',424,1222221,23432,23423424,'WSM',72.65505,2,'231231232','f16a791f79278ca6dc2be718ded003e136eff3ae','4234'),('2012-02-09',164,'Mozilla/5.0 (X11; Linux x86_64; rv:10.0) Gecko/20100101 Firefox/','186.94.25.31','una calle blablaba cuas cuas numero 1',' ','Un estado vieja xD','undefined',424,1222221,23432,23423424,'VGB',5876.94375,2,'231231232','f16a791f79278ca6dc2be718ded003e136eff3ae','4234'),('2012-02-09',165,'Mozilla/5.0 (X11; Linux x86_64; rv:10.0) Gecko/20100101 Firefox/','186.94.25.31','una calle blablaba cuas cuas numero 1',' ','Un estado vieja xD','undefined',424,1222221,23432,23423424,'VCT',2669.625,2,'231231232','f16a791f79278ca6dc2be718ded003e136eff3ae','4234'),('2012-02-09',166,'Mozilla/5.0 (X11; Linux x86_64; rv:10.0) Gecko/20100101 Firefox/','186.94.25.31','una calle blablaba cuas cuas numero 1',' ','Un estado vieja xD','undefined',424,1222221,23432,23423424,'WSM',5876.94375,2,'231231232','f16a791f79278ca6dc2be718ded003e136eff3ae','4234'),('2012-02-09',167,'Mozilla/5.0 (X11; Linux x86_64; rv:10.0) Gecko/20100101 Firefox/','186.94.25.31','una calle blablaba cuas cuas numero 1',' ','Un estado vieja xD','undefined',424,1222221,23432,23423424,'VGB',5876.94375,2,'231231232','f16a791f79278ca6dc2be718ded003e136eff3ae','4234'),('2012-02-09',168,'Mozilla/5.0 (X11; Linux x86_64; rv:10.0) Gecko/20100101 Firefox/','186.94.25.31','una calle blablaba cuas cuas numero 1',' ','Un estado vieja xD','undefined',424,1222221,23432,23423424,'VEN',5876.94375,2,'231231232','f16a791f79278ca6dc2be718ded003e136eff3ae','4234'),('2012-02-09',169,'Mozilla/5.0 (X11; Linux x86_64; rv:10.0) Gecko/20100101 Firefox/','186.94.25.31','una calle blablaba cuas cuas numero 1',' ','Un estado vieja xD','undefined',424,1222221,23432,23423424,'YEM',5876.94375,2,'231231232','f16a791f79278ca6dc2be718ded003e136eff3ae','4234'),('2012-02-09',170,'Mozilla/5.0 (X11; Linux x86_64; rv:10.0) Gecko/20100101 Firefox/','186.94.25.31','una calle blablaba cuas cuas numero 1',' ','Un estado vieja xD','undefined',424,1222221,23432,23423424,'VGB',5876.94375,2,'231231232','f16a791f79278ca6dc2be718ded003e136eff3ae','4234'),('2012-02-09',171,'Mozilla/5.0 (X11; Linux x86_64; rv:10.0) Gecko/20100101 Firefox/','186.94.25.31','una calle blablaba cuas cuas numero 1',' ','Un estado vieja xD','undefined',424,1222221,23432,23423424,'YEM',5876.94375,2,'231231232','f16a791f79278ca6dc2be718ded003e136eff3ae','4234'),('2012-02-09',172,'Mozilla/5.0 (X11; Linux x86_64; rv:10.0) Gecko/20100101 Firefox/','186.94.25.31','una calle blablaba cuas cuas numero 1',' ','Un estado vieja xD','undefined',424,1222221,23432,23423424,'VUT',292414.44375,2,'231231232','f16a791f79278ca6dc2be718ded003e136eff3ae','4234'),('2012-02-09',173,'Mozilla/5.0 (X11; Linux x86_64; rv:10.0) Gecko/20100101 Firefox/','186.94.25.31','una calle blablaba cuas cuas numero 1',' ','Un estado vieja xD','undefined',424,1222221,23432,23423424,'WSM',163.6375,2,'231231232','f16a791f79278ca6dc2be718ded003e136eff3ae','4234'),('2012-02-09',174,'Mozilla/5.0 (X11; Linux x86_64; rv:10.0) Gecko/20100101 Firefox/','186.94.25.31','una calle blablaba cuas cuas numero 1',' ','Un estado vieja xD','undefined',424,1222221,23432,23423424,'WSM',2669.625,2,'231231232','f16a791f79278ca6dc2be718ded003e136eff3ae','4234'),('2012-02-09',175,'Mozilla/5.0 (X11; Linux x86_64; rv:10.0) Gecko/20100101 Firefox/','186.94.25.31','una calle blablaba cuas cuas numero 1',' ','Un estado vieja xD','undefined',424,1222221,23432,23423424,'VGB',5876.94375,2,'231231232','f16a791f79278ca6dc2be718ded003e136eff3ae','4234'),('2012-02-09',176,'Mozilla/5.0 (X11; Linux x86_64; rv:10.0) Gecko/20100101 Firefox/','186.94.25.31','una calle blablaba cuas cuas numero 1',' ','Un estado vieja xD','undefined',424,1222221,23432,23423424,'VGB',5876.94375,2,'231231232','f16a791f79278ca6dc2be718ded003e136eff3ae','4234'),('2012-02-10',177,'Mozilla/5.0 (X11; Linux x86_64; rv:10.0) Gecko/20100101 Firefox/','186.94.25.31','una calle blablaba cuas cuas numero 1',' ','Un estado vieja xD','undefined',424,1222221,23432,23423424,'WSM',770.52374,1,'1231231','f16a791f79278ca6dc2be718ded003e136eff3ae','4234'),('2012-02-10',178,'Mozilla/5.0 (X11; Linux x86_64; rv:10.0) Gecko/20100101 Firefox/','186.94.25.31','una calle blablaba cuas cuas numero 1',' ','Un estado vieja xD','undefined',424,1222221,23432,23423424,'VEN',306.48339,1,'1231231','f16a791f79278ca6dc2be718ded003e136eff3ae','4234'),('2012-02-10',179,'Mozilla/5.0 (X11; Linux x86_64; rv:10.0) Gecko/20100101 Firefox/','186.94.25.31','una calle blablaba cuas cuas numero 1',' ','Un estado vieja xD','undefined',424,1222221,23432,23423424,'WLF',934.093485,4,'1231231','f16a791f79278ca6dc2be718ded003e136eff3ae','4234'),('2012-02-13',180,'Mozilla/5.0 (X11; Linux x86_64; rv:10.0.1) Gecko/20100101 Firefo','186.94.4.188','una calle blablaba cuas cuas numero 1',' ','Un estado vieja xD','undefined',424,1222221,23432,23423424,'WSM',50.63025,3,'sdad@adasd.com','f16a791f79278ca6dc2be718ded003e136eff3ae','4234'),('2012-02-13',181,'Mozilla/5.0 (X11; Linux x86_64; rv:10.0.1) Gecko/20100101 Firefo','186.94.4.188','una calle blablaba cuas cuas numero 1',' ','Un estado vieja xD','undefined',424,1222221,23432,23423424,'VNM',132.52899,4,'sdad@adasd.com','f16a791f79278ca6dc2be718ded003e136eff3ae','4234'),('2012-02-13',182,'Mozilla/5.0 (X11; Linux x86_64; rv:10.0.1) Gecko/20100101 Firefo','186.94.4.188','una calle blablaba cuas cuas numero 1',' ','Un estado vieja xD','undefined',424,1222221,23432,23423424,'ZAF',81.0084,2,'432423424','f16a791f79278ca6dc2be718ded003e136eff3ae','4234'),('2012-02-13',183,'Mozilla/5.0 (X11; Linux x86_64; rv:10.0.1) Gecko/20100101 Firefo','186.94.4.188','una calle blablaba cuas cuas numero 1',' ','Un estado vieja xD','undefined',424,1222221,23432,23423424,'VAT',50.63025,2,'432423424','f16a791f79278ca6dc2be718ded003e136eff3ae','4234'),('2012-02-13',184,'Mozilla/5.0 (X11; Linux x86_64; rv:10.0.1) Gecko/20100101 Firefo','186.94.4.188','una calle blablaba cuas cuas numero 1',' ','Un estado vieja xD','undefined',424,1222221,23432,23423424,'WLF',84.26424,2,'432423424','f16a791f79278ca6dc2be718ded003e136eff3ae','4234'),('2012-02-13',185,'Mozilla/5.0 (X11; Linux x86_64; rv:10.0.1) Gecko/20100101 Firefo','186.94.4.188','Calle America, numero 106-A',' ','PLC','undefined',424,1222221,23432,23423424,'VEN',66.264495,1,'432423424','f16a791f79278ca6dc2be718ded003e136eff3ae','4234'),('2012-02-13',186,'Mozilla/5.0 (X11; Linux x86_64; rv:10.0.1) Gecko/20100101 Firefo','127.0.0.1','Calle America, numero 106-A',' ','PLC','undefined',424,1222221,23432,23423424,'YUG',66.264495,2,'432423424','f16a791f79278ca6dc2be718ded003e136eff3ae','4234'),('2012-02-13',187,'Mozilla/5.0 (X11; Linux x86_64; rv:10.0.1) Gecko/20100101 Firefo','127.0.0.1','Calle America, numero 106-A',' ','PLC','undefined',424,1222221,23432,23423424,'VUT',310.05,2,'432423424','f16a791f79278ca6dc2be718ded003e136eff3ae','4234'),('2012-02-15',188,'Mozilla/5.0 (X11; Linux x86_64; rv:10.0.1) Gecko/20100101 Firefo','186.94.4.188','xzvxzvcxvxdvrdgrtg  dtrgf',' ','Anzoategui','undefined',424,1222221,23432,23423424,'ZAF',80.38824,1,'432423424','f16a791f79278ca6dc2be718ded003e136eff3ae','4234'),('2012-02-23',189,'Mozilla/5.0 (X11; Linux x86_64; rv:10.0.2) Gecko/20100101 Firefo','186.94.4.188','xzvxzvcxvxdvrdgrtg  dtrgf',' ','Anzoategui','undefined',424,1222221,23432,23423424,'WSM',84.26424,2,'432423424','f16a791f79278ca6dc2be718ded003e136eff3ae','4234'),('2012-02-23',190,'Mozilla/5.0 (compatible; MSIE 9.0; Windows NT 6.1; Trident/5.0)','186.164.12.178','rrrrr gggg bbbbbbbbbbbbb bbbbbbbbbbb bbbbbbb',' ','yyyyy yy','undefined',424,8100812,281,28027615,'VEN',344.5,2,'4432433567654','018c5df56593d944d6bf28a4c3cca10922a5e0b0','5555'),('2012-02-25',191,'Mozilla/5.0 (X11; Linux x86_64; rv:10.0.2) Gecko/20100101 Firefo','186.94.4.188','La calle que no se donde esta numero 1000-A',' ','Anzoategui','undefined',412,8606828,2812,2636407,'WSM',66.264495,3,'sdsd@fasds.com','f16a791f79278ca6dc2be718ded003e136eff3ae','4234'),('2012-02-25',192,'Mozilla/5.0 (X11; Linux x86_64; rv:10.0.2) Gecko/20100101 Firefo','186.94.4.188','cooo no se donde queda fuck',' ','Anzoategui','undefined',412,8606828,2812,2636407,'VEN',66.264495,3,'sdsd@fasds.com','f16a791f79278ca6dc2be718ded003e136eff3ae','4234'),('2012-02-25',193,'Mozilla/5.0 (X11; Linux x86_64; rv:10.0.2) Gecko/20100101 Firefo','186.94.4.188','cooo no se donde queda fuck',' ','Anzoategui','undefined',412,8606828,2812,2636407,'VAT',91.13445,3,'sdsd@fasds.com','f16a791f79278ca6dc2be718ded003e136eff3ae','4234'),('2012-02-25',194,'Mozilla/5.0 (X11; Linux x86_64; rv:10.0.2) Gecko/20100101 Firefo','186.94.4.188','cooo no se donde queda fuck',' ','Anzoategui','undefined',412,8606828,2812,2636407,'VNM',172.25,2,'1313123213123','f16a791f79278ca6dc2be718ded003e136eff3ae','4234'),('2012-02-25',195,'Mozilla/5.0 (X11; Linux x86_64; rv:10.0.2) Gecko/20100101 Firefo','186.94.4.188','cooo no se donde queda fuck','viltol miguel xD','Anzoategui','undefined',412,8606828,2812,2636407,'VCT',96.0355,2,'1313123213123','f16a791f79278ca6dc2be718ded003e136eff3ae','4234'),('2012-02-25',196,'Mozilla/5.0 (X11; Linux x86_64; rv:10.0.2) Gecko/20100101 Firefo','186.94.4.188','que bolas xDD ncua adfdfafasdsadsadad','miguel xD viltol','Anzoategui','undefined',412,8606828,2812,2636407,'VEN',66.264495,2,'1313123213123','f16a791f79278ca6dc2be718ded003e136eff3ae','4234'),('2012-02-25',197,'Mozilla/5.0 (X11; Linux x86_64; rv:10.0.2) Gecko/20100101 Firefo','186.94.4.188','que bolas xDD ncua adfdfafasdsadsadad','grammys xD los tututut','Anzoategui','undefined',412,8606828,2812,2636407,'VAT',129.462675,3,'sdd@asd.com','f16a791f79278ca6dc2be718ded003e136eff3ae','4234'),('2012-02-25',198,'Mozilla/5.0 (X11; Linux x86_64; rv:10.0.2) Gecko/20100101 Firefo','186.94.4.188','que bolas xDD ncua adfdfafasdsadsadad','los tututut grammys xD','Anzoategui','undefined',412,8606828,2812,2636407,'VAT',215.307875,2,'23423423432423','f16a791f79278ca6dc2be718ded003e136eff3ae','4234'),('2012-02-25',199,'Mozilla/5.0 (X11; Linux x86_64; rv:10.0.2) Gecko/20100101 Firefo','186.94.4.188','que bolas xDD ncua adfdfafasdsadsadad','grammys xD los tututut','Anzoategui','undefined',412,8606828,2812,2636407,'UZB',91.30887,2,'23423423432423','f16a791f79278ca6dc2be718ded003e136eff3ae','4234'),('2012-02-26',200,'Mozilla/5.0 (X11; Linux x86_64; rv:10.0.2) Gecko/20100101 Firefo','186.94.4.188','que bolas xDD ncua adfdfafasdsadsadad','los tututut grammys xD','Anzoategui','undefined',412,8606828,2812,2636407,'VEN',85.8452,2,'23423423432423','f16a791f79278ca6dc2be718ded003e136eff3ae','4234'),('2012-02-26',201,'Mozilla/5.0 (X11; Linux x86_64; rv:10.0.2) Gecko/20100101 Firefo','186.94.4.188','que bolas xDD ncua adfdfafasdsadsadad','grammys xD los tututut','Anzoategui','undefined',412,8606828,2812,2636407,'VAT',85.8452,2,'23423423432423','f16a791f79278ca6dc2be718ded003e136eff3ae','4234'),('2012-02-26',202,'Mozilla/5.0 (X11; Linux x86_64; rv:10.0.2) Gecko/20100101 Firefo','186.94.4.188','que bolas xDD ncua adfdfafasdsadsadad','grammys xD los tututut','Anzoategui','undefined',412,8606828,2812,2636407,'YUG',137.8,2,'23423423432423','f16a791f79278ca6dc2be718ded003e136eff3ae','4234'),('2012-02-26',203,'Mozilla/5.0 (X11; Linux x86_64; rv:10.0.2) Gecko/20100101 Firefo','186.94.4.188','que bolas xDD ncua adfdfafasdsadsadad √±√±√± zz','los tututut grammys xD','Anzoategui adfdf sdf √±√±√± zzz','undefined',412,8606828,2812,2636407,'VIR',243.291105,2,'23423423432423','f16a791f79278ca6dc2be718ded003e136eff3ae','4234'),('2012-02-26',204,'Mozilla/5.0 (X11; Linux x86_64; rv:10.0.2) Gecko/20100101 Firefo','186.94.4.188','que bolas xDD ncua adfdfafasdsadsadad √±√±√± zz','grammys xD los tututut','Anzoategui adfdf sdf √±√±√± zzz','undefined',412,8606828,2812,2636407,'VNM',334.599975,2,'23423423432423','f16a791f79278ca6dc2be718ded003e136eff3ae','4234'),('2012-02-26',205,'Mozilla/5.0 (X11; Linux x86_64; rv:10.0.2) Gecko/20100101 Firefo','186.94.4.188','que bolas xDD ncua adfdfafasdsadsadad √±√±√± zz','los tututut grammys xD','Anzoategui adfdf sdf √±√±√± zzz','undefined',412,8606828,2812,2636407,'VUT',334.599975,2,'23423423432423','f16a791f79278ca6dc2be718ded003e136eff3ae','4234'),('2012-02-26',206,'Mozilla/5.0 (X11; Linux x86_64; rv:10.0.2) Gecko/20100101 Firefo','186.94.4.188','que bolas xDD ncua adfdfafasdsadsadad √±√±√± zz','los tututut grammys xD','Anzoategui adfdf sdf √±√±√± zzz','undefined',412,8606828,2812,2636407,'YEM',334.599975,2,'23423423432423','f16a791f79278ca6dc2be718ded003e136eff3ae','4234'),('2012-02-26',207,'Mozilla/5.0 (X11; Linux x86_64; rv:10.0.2) Gecko/20100101 Firefo','186.94.4.188','que bolas xDD ncua adfdfafasdsadsadad √±√±√± zz','grammys xD los tututut','Anzoategui adfdf sdf √±√±√± zzz','undefined',412,8606828,2812,2636407,'VCT',334.599975,2,'23423423432423','f16a791f79278ca6dc2be718ded003e136eff3ae','4234'),('2012-02-26',208,'Mozilla/5.0 (X11; Linux x86_64; rv:10.0.2) Gecko/20100101 Firefo','186.94.4.188','que bolas xDD ncua adfdfafasdsadsadad √±√±√± zz','los tututut grammys xD','Anzoategui adfdf sdf √±√±√± zzz','undefined',412,8606828,2812,2636407,'VAT',198.793485,2,'23423423432423','f16a791f79278ca6dc2be718ded003e136eff3ae','4234'),('2012-02-26',209,'Mozilla/5.0 (X11; Linux x86_64; rv:10.0.2) Gecko/20100101 Firefo','186.94.4.188','que bolas xDD ncua adfdfafasdsadsadad √±√±√± zz','grammys xD los tututut','Anzoategui adfdf sdf √±√±√± zzz','undefined',412,8606828,2812,2636407,'WSM',336.593485,2,'23423423432423','f16a791f79278ca6dc2be718ded003e136eff3ae','4234'),('2012-02-27',210,'Mozilla/5.0 (X11; Linux x86_64; rv:10.0.2) Gecko/20100101 Firefo','127.0.0.1','que bolas xDD ncua adfdfafasdsadsadad √±√±√± zz','los tututut grammys xD','Anzoategui adfdf sdf √±√±√± zzz','undefined',412,8606828,2812,2636407,'UZB',427.902355,2,'23423423432423','f16a791f79278ca6dc2be718ded003e136eff3ae','4234'),('2012-02-27',211,'Mozilla/5.0 (X11; Linux x86_64; rv:10.0.2) Gecko/20100101 Firefo','127.0.0.1','que bolas xDD ncua adfdfafasdsadsadad √±√±√± zz','grammys xD los tututut','Anzoategui adfdf sdf √±√±√± zzz','undefined',412,8606828,2812,2636407,'YEM',172.25,2,'23423423432423','f16a791f79278ca6dc2be718ded003e136eff3ae','4234'),('2012-02-27',212,'Mozilla/5.0 (X11; Linux x86_64; rv:10.0.2) Gecko/20100101 Firefo','127.0.0.1','Pupucito xD sddsasd 3r23 233 23r2r23r',' ','Anzoategui','undefined',424,8011334,2812,9873456,'VEN',48.01775,2,'2131231313','69e8a91098cc826dfe902406a0753a4520aed82a','1111'),('2012-02-28',213,'Mozilla/5.0 (X11; Linux x86_64; rv:10.0.2) Gecko/20100101 Firefo','127.0.0.1','cuass xD fsdsda ssa s  45  43 r3r r ',' ','Anzoategui','undefined',424,8411212,2812,838485,'VEN',84.26424,3,'vic@hotmail.co','b71d5e8c644fbac923fb0dc66a1b9a2b6be96840','');
/*!40000 ALTER TABLE `ventas` ENABLE KEYS */;
UNLOCK TABLES;
/*!40103 SET TIME_ZONE=@OLD_TIME_ZONE */;

/*!40101 SET SQL_MODE=@OLD_SQL_MODE */;
/*!40014 SET FOREIGN_KEY_CHECKS=@OLD_FOREIGN_KEY_CHECKS */;
/*!40014 SET UNIQUE_CHECKS=@OLD_UNIQUE_CHECKS */;
/*!40101 SET CHARACTER_SET_CLIENT=@OLD_CHARACTER_SET_CLIENT */;
/*!40101 SET CHARACTER_SET_RESULTS=@OLD_CHARACTER_SET_RESULTS */;
/*!40101 SET COLLATION_CONNECTION=@OLD_COLLATION_CONNECTION */;
/*!40111 SET SQL_NOTES=@OLD_SQL_NOTES */;

-- Dump completed on 2012-02-28 15:59:39
